CIPCode,CIPArea,CIPTitle,CIPDefinition
01.0101,01,"Agricultural Business and Management, General.","A  general program that focuses on modern business and economic principles involved in the organization, operation, and management of agricultural enterprises."
01.0102,01,Agribusiness/Agricultural Business Operations.,"A program that prepares individuals to manage agricultural businesses and agriculturally related operations within diversified corporations.  Includes instruction in agriculture, agricultural specialization, business management, accounting, finance, marketing, planning, human resources management, and other managerial responsibilities."
01.0103,01,Agricultural Economics.,"A program that focuses on the application of economics to the analysis of resource allocation, productivity, investment, and trends in the agricultural sector, both domestically and internationally.  Includes instruction in economics and related subfields as well as applicable agricultural fields."
01.0104,01,Farm/Farm and Ranch Management.,"A program that prepares individuals to manage farms, ranches, and similar enterprises.  Includes instruction in applicable agricultural specialization, business management, accounting, taxation, capitalization, purchasing, government programs and regulations, operational planning and budgeting, contracts and negotiation, and estate planning."
01.0105,01,Agricultural/Farm Supplies Retailing and Wholesaling.,"A program  that prepares individuals to sell agricultural products and supplies, provide support services to agricultural enterprises, and purchase and market agricultural products.  Includes instruction in basic business management, marketing, retailing and wholesaling operations, and applicable principles of agriculture and agricultural operations."
01.0106,01,Agricultural Business Technology/Technician.,"A program that prepares individuals to perform specialized support functions related to agricultural business offices and operations and to operate agricultural office equipment, software, and information systems.  Includes instruction in basic agricultural business principles, office management, equipment operation, standard software, and database management."
01.0201,01,"Agricultural Mechanization, General.","A program that generally prepares individuals to sell, select, and service agricultural or agribusiness technical equipment and facilities, including computers, specialized software, power units, machinery, equipment structures, and utilities.  Includes instruction in agricultural power systems, planning and selecting materials for the construction of support facilities, mechanical practices associated with irrigation and water conservation, erosion control, and agricultural data processing systems."
01.0204,01,Agricultural Power Machinery Operation.,"A program that prepares individuals to operate specialized farm, ranch, and agribusiness power equipment of a stationary, mobile, or hand-operated nature. Includes instruction in operating specialized equipment such as terrestrial and airborne crop-spraying equipment; tractors and hauling equipment; planting and harvesting equipment; cutting equipment; power sources and systems for silos, irrigation, pumping, and applications such as dairy, feeding and shearing operations; processing equipment; and applicable electrical, mechanical, and safety principles."
01.0205,01,Agricultural Mechanics and Equipment/Machine Technology/Technician.,"A program that prepares individuals to maintain and repair specialized farm, ranch, and agribusiness power equipment and vehicles.  Includes instruction in the principles of diesel, combustion, electrical, steam, hydraulic, and mechanical systems and their application to the maintenance of terrestrial and airborne crop-spraying equipment; tractors and hauling equipment; planting and harvesting equipment; cutting equipment; power sources and systems for silos; irrigation and pumping equipment; dairy, feeding, and shearing operations; and processing systems."
01.0207,01,Irrigation Management Technology/Technician.,"A program that prepares individuals for employment in the field of agricultural technology and irrigation. Includes instruction in irrigation and drainage methodologies, pumping and delivery systems, system design and evaluation, and principles of installation and repair of irrigation systems."
01.0301,01,"Agricultural Production Operations, General.","A program that focuses on the general planning, economics, and use of facilities, natural resources, equipment, labor, and capital to produce plant and animal products, and that may prepare individuals for work in farming, ranching, and agribusiness."
01.0302,01,Animal/Livestock Husbandry and Production.,"A program that prepares individuals to select, breed, care for, process, and market livestock and small farm animals.  Includes instruction in basic animal science, animal nutrition, and animal health as applied to various species and breeds; design and operation of housing, feeding, and processing facilities; and related issues of safety, applicable regulations, logistics, and supply."
01.0303,01,Aquaculture.,"A program that prepares individuals to select, culture, propagate, harvest, and market domesticated fish, shellfish, and marine plants, both freshwater and saltwater.  Includes instruction in the basic principles of aquatic and marine biology; health and nutrition of aquatic and marine life; design and operation of fish farms, breeding facilities, culture beds, and related enterprises; and related issues of safety, applicable regulations, logistics, and supply."
01.0304,01,Crop Production.,"A program that prepares individuals to cultivate grain, fiber, forage, oilseed, fruits and nuts, vegetables, and other domesticated plant products.  Includes instruction in basic principles of plant science, health, and nutrition as applied to particular species and breeds; soil preparation and irrigation; pest management; planting and harvesting operations; product marketing; and applicable issues of safety, regulation, logistics, and supply."
01.0306,01,Dairy Husbandry and Production.,"A program that prepares individuals to manage the selection and care of dairy animals and associated dairy farm and processing facilities and operations.  Includes instruction in basic animal and dairy science; dairy animal nutrition and health; design and operation of dairy housing, feeding, and processing facilities and equipment; and related issues of safety, sanitation, shipping and handling, and applicable regulations."
01.0307,01,Horse Husbandry/Equine Science and Management.,"A program that prepares individuals to manage the selection, breeding, care, and maintenance of work, athletic, and show horses; and to manage horse farms, stables, tracks and related equipment and operations.  Includes instruction in applicable principles of animal science, care, and health; stable and track management; design and operation of facilities and equipment; and related issues such as regulations, business management; and logistics."
01.0308,01,Agroecology and Sustainable Agriculture.,"A program that focuses on agricultural principles and practices that, over the long term, enhance environmental quality, make efficient use of nonrenewable resources, integrate natural biological cycles and controls, and are economically viable and socially responsible; and that may prepare individuals to apply this knowledge to the solution of agricultural and environmental problems. Includes instruction in principles of agroecology, crop and soil sciences, entomology, horticulture, animal science, weed science and management, soil fertility and nutrient cycling, applied ecology, agricultural economics, and rangeland ecology and watershed management."
01.0310,01,Apiculture.,"A program that focuses on improving the beekeeping industry, promoting pollination of fruits and vegetables, and bee colony expansion and maintenance. Includes instruction in apiary behavior, apiary equipment and supplies, beekeeping, bee pests and parasites, handling bees, hive set up and care, queen rearing, and seasonal management practices."
01.0401,01,Agricultural and Food Products Processing.,"A program that prepares individuals to receive, inspect, store, process, and package agricultural products in the form of human food consumables, animal or plant food, or other industrial products.  Includes instruction in the nutrient and industrial properties of various agricultural products; logistics and storage procedures; chemical and mechanical processing operations; packaging; safety and health requirements; and related technical and business principles."
01.0504,01,Dog/Pet/Animal Grooming.,"A program that prepares individuals to provide cosmetic services for household pets, show animals, work animals and animal athletes.  Includes instruction in skin, coat, and pelt grooming and styling; skin care; hoof, nail, and claw care; animal massage; minor first aid and veterinary referral; animal grooming products and applications; health and safety; and applicable regulations."
01.0505,01,Animal Training.,"A program that prepares individuals to teach and exercise animals for leisure, sport, show, and professional purposes.  Includes instruction in animal psychology, health, and safety; human-animal interaction; learning and behavior styles associated with different breeds and species; and the technical and pedagogical aspects of training animals for such specific functions as obedient household pets, performing show animals, animal athletes, caregiving (e.g., seeing-eye dogs), search and rescue, and police/security work."
01.0507,01,Equestrian/Equine Studies.,"A program that focuses on the horse, horsemanship, and related subjects and prepares individuals to care for horses and horse equipment; ride and drive horses for leisure, sport, show, and professional purposes; and manage the training of horses and riders.  Includes instruction in horse breeding, nutrition, health, and safety; history of the horse and horsemanship; horse development and training; riding and equestrian technique; stable, paddock, and track management; and equipment maintenance and repair."
01.0508,01,Taxidermy/Taxidermist.,"A program that prepares individuals to reproduce life-like three-dimensional representations of living animals for permanent display using elements of the deceased specimen(s) as well as artificial materials, and to manage taxidermy services and businesses.  Includes instruction in specimen grading and selection, caping and fleshing, preservation procedures, tanning, drying, measurements, form and armature construction, carpentry and woodworking, molding and casting, drawing, sculptural techniques, painting and finishing techniques, basic business operations, customer communications, and applicable laws and regulations."
01.0509,01,Farrier Science.,"A program of study that prepares individuals to become specialists in equine hoof care (farriers). Includes instruction in equine science, equine health and first aid, general horseshoeing, corrective horseshoeing, gait analysis, and metal forging techniques using gas or coal."
01.0601,01,"Applied Horticulture/Horticulture Operations, General.","A program that focuses on the general production and processing of domesticated plants, shrubs, flowers, foliage, trees, groundcovers, and related plant materials; the management of technical and business operations connected with horticultural services; and the basic scientific principles needed to understand plants and their management and care."
01.0603,01,Ornamental Horticulture.,"A program that focuses on  domesticated plants and plant materials used for decorative and recreational applications and prepares individuals to breed, grow, and utilize ornamental plant varieties for commercial and aesthetic purposes.  Includes instruction in applicable plant science subjects, the environmental design and artistic aspects of horticultural product usage, and the management of horticultural operations."
01.0604,01,Greenhouse Operations and Management.,"A program that prepares individuals to produce, store, and deliver plant species in controlled indoor environments for wholesale, commercial, research, or other purposes.  Includes instruction in applicable principles of plant science; climate, irrigation, and nutrition control equipment operation and maintenance; facilities management; inventory control; safety procedures; and personnel supervision."
01.0605,01,Landscaping and Groundskeeping.,"A program that prepares individuals to manage and maintain indoor and/or outdoor ornamental and recreational plants and groundcovers and related conceptual designs established by landscape architects, interior designers, enterprise owners or managers, and individual clients.  Includes instruction in applicable principles of horticulture, gardening, plant and soil irrigation and nutrition, turf maintenance, plant maintenance, equipment operation and maintenance, personnel supervision, and purchasing."
01.0606,01,Plant Nursery Operations and Management.,"A program that prepares individuals to operate and manage outdoor plant farms, tree and shrub nurseries, and related facilities that develop domesticated plant products for propagation, harvesting, and transplantation.  Includes instruction in applicable principles of plant science, farm and business management, nursery operations, equipment operation and maintenance, safety procedures, and personnel supervision."
01.0607,01,Turf and Turfgrass Management.,"A program that focuses on turfgrasses and related groundcover plants and prepares individuals to develop ornamental or recreational grasses and related products; plant, transplant, and manage grassed areas; and to produce and store turf used for transplantation.  Includes instruction in applicable plant sciences, genetics of grasses, turf science, use analysis, turf management, and related economics."
01.0608,01,Floriculture/Floristry Operations and Management.,"A program that prepares individuals to operate and manage commercial and contract florist enterprises, supply and delivery services, and flower catering services.  Includes instruction in the applicable principles of plant science; purchasing, storage, and delivery systems; floral design and arranging; and principles of business management."
01.0609,01,Public Horticulture.,"A program of study that focuses on combining traditional horticulture and public education and outreach. Includes instruction in botany, soil science, plant science, agricultural economics, leadership, and business."
01.0610,01,Urban and Community Horticulture.,"A program that focuses on principles and techniques for the production of horticultural crops in an urban environment. Includes instruction in ecology, environmental sustainability, food production systems, and plant and soil sciences."
01.0701,01,International Agriculture.,"A program that focuses on the application of agricultural management and scientific principles to the problems of global food production and distribution, and to the study of the agricultural systems of other countries.  Includes instruction in agricultural economics; comparative agricultural systems; international agribusiness and law; third-world development studies and economic development; and global applications of climate, soil, water resources, ecological and environmental studies, and animal and plant sciences."
01.0801,01,Agricultural and Extension Education Services.,"A program that prepares individuals to provide referral, consulting, technical assistance, and educational services to gardeners, farmers, ranchers, agribusinesses, and other organizations.  Includes instruction in basic agricultural sciences, agricultural business operations, pest control, adult education methods, public relations, applicable state laws and regulations, and communication skills."
01.0802,01,Agricultural Communication/Journalism.,"A program that prepares individuals to apply journalistic, communication, and broadcasting principles to the development, production, and transmittal of agricultural information.  Includes instruction in basic journalism, broadcasting, film/video, and communication techniques; the production of technically specialized information products for agricultural audiences; and the principles of agricultural sciences and business operations needed to develop and communicate agricultural subject matter in effective ways."
01.0901,01,"Animal Sciences, General.","A general program that focuses on the scientific principles that underlie the breeding and husbandry of agricultural animals, and the production, processing, and distribution of agricultural animal products.  Includes instruction in the animal sciences, animal husbandry and production, and agricultural and food products processing."
01.0902,01,Agricultural Animal Breeding.,"A program that focuses on the application of genetics and genetic engineering to the improvement of agricultural animal health, the development of new animal breeds, and the selective improvement of agricultural animal populations.  Includes instruction in genetics, genetic engineering, population genetics, animal health, animal husbandry, and biotechnology."
01.0903,01,Animal Health.,"A program that focuses on the application of biological and chemical principles to the study, prevention, and control of diseases in agricultural animal populations.  Includes instruction in environmental science, pharmacology, animal population studies, genetics, animal physiology and diet, disease prevention, treatment methodologies, and laboratory and testing procedures."
01.0904,01,Animal Nutrition.,"A program that focuses on the biology and chemistry of proteins, fats, carbohydrates, water, vitamins, and feed additives as related to animal health and the production of improved animal products.  Includes instruction in nutrition science, animal health and physiology, biochemistry, cellular and molecular biology, animal husbandry, and food science."
01.0905,01,Dairy Science.,"A program that focuses on the application of biological and chemical principles to the production and management of dairy animals and the production and handling of dairy products.  Includes instruction in animal sciences, nutrition sciences, food science and technology, biochemistry, and related aspects of human and animal health and safety."
01.0906,01,Livestock Management.,"A program that focuses on the application of biological and chemical principles to the production and management of livestock animals and the production and handling of meat and other products.  Includes instruction in animal sciences, range science, nutrition sciences, food science and technology, biochemistry, and related aspects of human and animal health and safety."
01.0907,01,Poultry Science.,"A program that focuses on the application of biological and chemical principles to the production and management of poultry animals and the production and handling of poultry products.  Includes instruction in avian sciences, nutrition sciences, food science and technology, biochemistry, hatchery design, and related aspects of human and animal health and safety."
01.1001,01,Food Science.,"A program that focuses on the application of biological, chemical, and physical principles to the study of converting raw agricultural products into processed forms suitable for direct human consumption, and the storage of such products.  Includes instruction in applicable aspects of the agricultural sciences, human physiology and nutrition, food chemistry, agricultural products processing, food additives, food preparation and packaging, food storage and shipment, and related aspects of human health and safety including toxicology and pathology."
01.1002,01,Food Technology and Processing.,"A program that focuses on the application of chemical, physical, and engineering principles to the development and implementation of manufacturing, packaging, storage, and distribution technologies and processes for food products.  Includes instruction in food engineering, food preservation and handling, food preparation, food packaging and display, food storage and shipment, and related equipment and facilities design, operation, and maintenance."
01.1003,01,Brewing Science.,"A program that focuses on the business, science, and technology of beer brewing operations. Includes instruction in biology, biochemistry, brewing, entrepreneurship, fermentation, malting, marketing, microbiology, quality control, and sanitation."
01.1004,01,Viticulture and Enology.,"A program that focuses on the application of scientific and agribusiness principles to the production of grapes, the making of wine, and the wine business. Includes instruction in grapes and wines of the world; grape production; winemaking technology; plant biology; chemistry; food science, safety, and packaging; soil science; pest management; and marketing and business management."
01.1005,01,Zymology/Fermentation Science.,"A program that focuses on the business, science, and technology of fermented food production. Includes instruction in biology, biochemistry, brewing, entrepreneurship, fermentation, marketing, microbiology, quality control, and sanitation."
01.1101,01,"Plant Sciences, General.","A general program that focuses on the scientific principles that underlie the breeding, cultivation, and production of agricultural plants, and the production, processing, and distribution of agricultural plant products.  Includes instruction in the plant sciences, crop cultivation and production, and agricultural and food products processing."
01.1102,01,Agronomy and Crop Science.,"A program that focuses on the chemical, physical, and biological relationships of crops and the soils nurturing them.  Includes instruction in the growth and behavior of agricultural crops, the development of new plant varieties, and the scientific management of soils and nutrients for maximum plant nutrition, health, and productivity."
01.1103,01,Horticultural Science.,"A program that focuses on the scientific principles related to the cultivation of garden and ornamental plants, including fruits, vegetables, flowers, and landscape and nursery crops.  Includes instruction in specific types of plants, such as citrus; breeding horticultural varieties; physiology of horticultural species; and the scientific management of horticultural plant development and production through the life cycle."
01.1104,01,Agricultural and Horticultural Plant Breeding.,"A program that focuses on the application of genetics and genetic engineering to the improvement of agricultural plant health, the development of new plant varieties, and the selective improvement of agricultural plant populations.  Includes instruction in genetics, genetic engineering, population genetics, agronomy, plant protection, and biotechnology."
01.1105,01,Plant Protection and Integrated Pest Management.,"A program that focuses on the application of scientific principles to the control of animal, insect and weed infestation of domesticated plant populations and other settings, including agricultural crops; the prevention/reduction of attendant economic loss; and the control of environmental pollution and degradation related to pest infestation and pest control measures. Includes instruction in entomology, applicable animal sciences, plant pathology and physiology, weed science, crop science, and environmental toxicology."
01.1106,01,Range Science and Management.,"A program that focuses on the scientific study of rangelands, arid regions, grasslands, and other areas of low productivity, as well as the principles of managing such resources for maximum benefit and environmental balance.  Includes instruction in livestock management, wildlife biology, plant sciences, ecology, soil science, and hydrology."
01.1201,01,"Soil Science and Agronomy, General.","A program that generally focuses on the scientific classification of soils, soil properties, and their relationship to agricultural crops.  Includes instruction in soil chemistry, soil physics, soil biology, soil fertility, morphogenesis, mineralogy, hydrology, agronomy, and soil conservation and management."
01.1202,01,Soil Chemistry and Physics.,"A program that focuses on the application of chemical and physical principles to research and analysis concerning the nature and properties of soils and the conservation and management of soils.  Includes instruction in soil and fluid mechanics, mineralogy, sedimentology, thermodynamics, geomorphology, environmental systems, analytical methods, and organic and inorganic chemistry."
01.1203,01,Soil Microbiology.,"A program that focuses on application of microbiological theory and methods to the study of the organismic properties of soils, soil-plant and soil-animal interactions, and the biological components and effects of soil management strategies.  Includes instruction in microbiology and related biological sciences, applicable animal and plant sciences, soil chemistry and physics as related to biological characteristics, and environmental science."
01.1302,01,Pre-Veterinary Studies.,A program that prepares individuals for admission to a professional program in veterinary medicine.
01.8001,01,Veterinary Medicine.,"A program that prepares individuals for the independent professional practice of veterinary medicine, involving the diagnosis, treatment, and health care management of animals and animal populations and the prevention and management of zoonosis.  Includes instruction in the veterinary basic sciences, infectious and noninfectious disease, diagnostic procedures, veterinary clinical medicine, obstetrics, radiology, anesthesiology, surgery, toxicology, animal health and preventive medicine, clinical nutrition, practice management, and professional standards and ethics."
01.8101,01,"Veterinary Sciences/Veterinary Clinical Sciences, General.",An integrated program of study in one or more of the veterinary medical or clinical sciences or a program undifferentiated as to title.
01.8102,01,Comparative and Laboratory Animal Medicine.,"A program that focuses on the scientific study of animal models of human disease and related experimental procedures, and prepares veterinarians and animal health specialists to manage the laboratory use and care of experimental animals.  Includes instruction in laboratory animal husbandry, laboratory animal disease, biohazard control, gnotobiology, breeding, comparative anatomy and physiology, comparative gene mapping, protein function, physical and mathematical modeling, computer modeling, stem cell technology, colony and genetic stock management, cryopreservation, applicable regulations, and bioethics."
01.8103,01,Large Animal/Food Animal and Equine Surgery and Medicine.,"A program that focuses on the scientific study of the internal medicine and invasive and noninvasive treatment of herd, work, sport, and food animals.  Includes instruction in equine medicine, swine and dairy medicine, food animal medicine, pathophysiology, large animal diseases, large animal anesthesiology and surgical procedures, preoperative and postoperative care, and specific medical specialties such as dentistry, ophthalmology, oncology, obstetrics/theriogenology, and orthopedics."
01.8104,01,Small/Companion Animal Surgery and Medicine.,"A program that focuses on the scientific study of the internal medicine and invasive and noninvasive treatment of companion and household animals.  Includes instruction in avian medicine, pet care, companion animal medicine, pathophysiology, small animal diseases, small animal anesthesiology and surgical procedures, preoperative and postoperative care, and specific medical specialties such as dentistry, ophthalmology, oncology, obstetrics/theriogenology, and orthopedics."
01.8105,01,Veterinary Anatomy.,"A program that focuses on the scientific study of the structure of small and large animal cellular, organ, tissue, and body systems and their relation to physiologic function, disease, and therapeutic treatment.  Includes instruction in histology, ultrastructure, molecular biology, biochemistry, developmental biology, neuroscience, electrophysiology, electron microscopy, computer imaging, and applications to specific species."
01.8106,01,Veterinary Infectious Diseases.,"A program that focuses on the scientific study of zoonotic infectious diseases, disease mechanisms, and prevention and treatment strategies.  Includes instruction in disease pathogenesis, vector biology, mycobacterial infection, blood parasites, retroviruses, food-borne diseases, new infectious agents, ecotoxicology, mechanisms of disease transfer, antibody resistance, comparative pathology, communicable diseases, and disease prevention and eradication."
01.8107,01,Veterinary Microbiology and Immunobiology.,"A program that focuses on the scientific study of the microbial causation and immunologic processes related to animal disease, prevention, and treatment.  Includes instruction in bacteriology, mycology, virology, immune response mechanisms, humoral and cell function, cancer defenses, immune system dysfunction, immunologic diseases, parasitology, pathogenesis, and disease vectors."
01.8108,01,Veterinary Pathology and Pathobiology.,"A program that focuses on the scientific study of the development and process of disease in domestic and wild animals and applications to diagnosis, prevention, and treatment.  Includes instruction in pathogenesis, immunoparasitology, viral therapy, inherited metabolic diseases, environmental toxicology, anatomical and clinical pathology, necropsy and biopsy techniques, clinical laboratory analysis, pathological interpretation, and disease diagnosis."
01.8109,01,Veterinary Physiology.,"A program that focuses on  the scientific study of the functional dynamics of animal biological systems and their relationship to the diagnosis and treatment of disease and injury.  Includes instruction in mammalian and non-mammalian physiology, laboratory physiology, physiological responses to the environment, endocrinology, animal biotechnology, mechanisms of hormone action, organ systems, metabolism, and pathophysiology."
01.8110,01,"Veterinary Preventive Medicine, Epidemiology, and Public Health.","A program that focuses on the study of the prevention and control of communicable animal diseases, diseases affecting humans, and prepares veterinarians to function as public health specialists.  Includes instruction in animal epidemiology, biostatistics, food safety and quality assurance, food toxicology, zoonotic and infectious diseases, disease vectors and transference, production medicine, animal health,  veterinary public health practice, and inspection and evaluation methods."
01.8111,01,Veterinary Toxicology and Pharmacology.,"A program that focuses on the scientific study of specific environmental and food hazards affecting domestic and wild animals and the development and action of chemical antidotes and treatments.  Includes instruction in small and large animal toxicology and pharmacology, neurotoxicology, pharmacodynamics, pharmacokinetics, neuropharmacology, xenobiotics, drug resistance, pesticides, toxicological pathology, genetic and molecular toxicology, environmental toxicology, drug and toxicant analysis and evaluation, and environmental radiology."
01.8201,01,"Veterinary Administrative Services, General.","A general program that prepares individuals to provide administrative support services in a veterinary office or animal care facility. Includes instruction in business office operations, customer service, principles of veterinary health care operations, record-keeping, veterinary terminology, and professional standards and ethics."
01.8202,01,Veterinary Office Management/Administration.,"A program that prepares individuals to manage the specialized business functions of a veterinary office. Includes instruction in business office operations, business and financial record-keeping, personnel supervision, veterinary care policy administration, conference planning, scheduling and coordination, public relations, and applicable law and regulations."
01.8203,01,Veterinary Reception/Receptionist.,"A program that prepares individuals, under the supervision of office managers, veterinary technicians, or veterinarians, to provide customer service, visitor reception, and patient intake and discharge services. Includes instruction in veterinary office and animal care facility procedures, veterinary terminology, interpersonal skills, record-keeping, customer service, telephone skills, data entry, interpersonal communications skills, and applicable policies and regulations."
01.8204,01,Veterinary Administrative/Executive Assistant and Veterinary Secretary.,"A program that prepares individuals to perform the duties of special assistants and personal secretaries for practicing veterinarians, veterinary health care facilities and services administrators, and other veterinary professionals. Includes instruction in business and veterinary communications, veterinary terminology, principles of veterinary health care operations, public relations and interpersonal communications, software applications, record-keeping and filing systems, scheduling and meeting planning, applicable policy and regulations, and professional standards and ethics."
01.8301,01,Veterinary/Animal Health Technology/Technician and Veterinary Assistant.,"A program that prepares individuals, under the supervision of veterinarians, laboratory animal specialists, and zoological professionals, to provide patient management, care, and clinical procedures assistance as well as owner communication.  Includes instruction in animal nursing care, animal health and nutrition, animal handling, clinical pathology, radiology, anesthesiology, dental prophylaxis, surgical assisting, clinical laboratory procedures, office administration skills, patient and owner management, and applicable standards and regulations."
05.0101,05,African Studies.,"A program that focuses on the history, society, politics, culture, and economics of one or more of the peoples of the African Continent, usually with an emphasis on Africa south of the Sahara, and including the African diasporas overseas."
05.0102,05,American/United States Studies/Civilization.,"A program that focuses on the history, society, politics, culture, and economics of the United States and its Pre-Columbian and colonial predecessors, and including the flow of immigrants from other societies."
05.0103,05,Asian Studies/Civilization.,"A program that focuses on the history, society, politics, culture, and economics of one or more of the peoples of the Asian Continent, including the study of the Asian diasporas overseas."
05.0104,05,East Asian Studies.,"A program that focuses on the history, society, politics, culture, and economics of one or more of the peoples of East Asia, defined as including China, Korea, Japan, Mongolia, Taiwan, Tibet, related borderlands and island groups, and including the study of the East Asian diasporas overseas."
05.0105,05,"Russian, Central European, East European and Eurasian Studies.","A program that focuses on the history, society, politics, culture, and economics of the region encompassing Russia, Central Europe, Eastern Europe, and Eurasia, including the Balkan, Baltic, Caucasus, and Central Asian states that were republics of the former Soviet Union."
05.0106,05,European Studies/Civilization.,"A program that focuses on the history, society, politics, culture, and economics of one or more of the peoples of the European Continent, including the study of European migration patterns and colonial empires."
05.0107,05,Latin American Studies.,"A program that focuses on the history, society, politics, culture, and economics of one or more of the Hispanic peoples of the North and South American Continents outside Canada and the United States, including the study of the Pre-Columbian period and the flow of immigrants from other societies."
05.0108,05,Near and Middle Eastern Studies.,"A program that focuses on the history, society, politics, culture, and economics of one or more of the peoples of North Africa, Southwestern Asia, Asia Minor, and the Arabian Peninsula, related borderlands and island groups, and including emigrant and immigrant groups."
05.0109,05,Pacific Area/Pacific Rim Studies.,"A program that focuses on the history, society, politics, culture, and economics of one or more of the peoples of Australasia and the Pacific Ocean, related island groups and bordering coastal regions, and including pre- and post-colonial migration patterns."
05.0110,05,Russian Studies.,"A program that focuses on the history, society, politics, culture, and economics of one or more of the peoples of the Russian Federation and its Soviet, Czarist, and medieval predecessors and related borderlands."
05.0111,05,Scandinavian Studies.,"A program that focuses on the history, society, politics, culture, and economics of one or more of the peoples of Scandinavia, defined as Northern Europe including Denmark, Finland, Iceland, Norway, Sweden, and related island groups (e.g., Greenland) and borderlands."
05.0112,05,South Asian Studies.,"A program that focuses on the history, society, politics, culture, and economics of one or more of the peoples of South Asia, defined as including Afghanistan, India, the Maldives, Myanmar (Burma), Pakistan, and Sri Lanka and related borderlands and island groups; and including the study of migration patterns and overseas diasporas."
05.0113,05,Southeast Asian Studies.,"A program that focuses on the history, society, politics, culture, and economics of one or more of the peoples of Southeast Asia, defined as including Brunei, Cambodia, Indonesia, Laos, Malaysia, The Philippines, Singapore, Thailand, and Viet Nam; related borderlands and island groups; and including the study of migration patterns and overseas diasporas."
05.0114,05,Western European Studies.,"A program that focuses on the history, society, politics, culture, and economics of one or more of the peoples of historical Western Europe, defined as including Britain, Ireland, France, the Low Countries, the Iberian Peninsula, Italy, the Western Mediterranean, and related island groups and borderlands."
05.0115,05,Canadian Studies.,"A program that focuses on the history, society, politics, culture, and economics of one or more of the peoples of Canada and its Pre-Columbian, colonial, and pre-federation predecessors, including immigrant flows and related borderlands and island groups."
05.0116,05,Balkans Studies.,"A program that focuses on the history, society, politics, culture, and economics of one or more of the peoples inhabiting the Balkan Peninsula and associated island groups and borderlands, Southern Slavic and non-Slavic, during the medieval, Ottoman, and modern periods."
05.0117,05,Baltic Studies.,"A program that focuses on the history, society, politics, culture, and economics of one or more of the peoples inhabiting the coastlands of the Baltic Sea, including Baltic, Germanic, Scandinavian, and Slavic populations, related borderlands and island groups, and problems of cultural survival and assimilation."
05.0118,05,Slavic Studies.,"A program that focuses on the history, society, politics, culture, and economics of one or more of the Slavic peoples inhabiting Europe, Asia, and in immigrant groups elsewhere, including the study of the emergence and migration patterns of Slavic culture, languages, and populations."
05.0119,05,Caribbean Studies.,"A program that focuses on the history, society, politics, culture, and economics of one or more of the peoples inhabiting the major islands and archipelagoes of the Caribbean Sea and related coastal borderlands, including immigration patterns and Pre-Columbian, colonial, and modern societies."
05.0120,05,Ural-Altaic and Central Asian Studies.,"A program that focuses on the history, society, politics, culture, and economics of one or more of the peoples and countries of Inner/Central Asia, including the Turkic and Mongolian inhabitants of the Caspian, Amur, Tien Shan, Baikal, Gobi, Siberian, and Manchurian areas and the historical Silk Road, in terms of their past and present development."
05.0121,05,Commonwealth Studies.,"A program that focuses on the history, society, politics, culture, and economics of one or more of the peoples and countries comprising components of the historical British Empire and modern British Commonwealth, including migration patterns, shared sociocultural and political features and problems, and contemporary relations."
05.0122,05,"Regional Studies (U.S., Canadian, Foreign).","A program that focuses on the defined geographic subregions and subcultures within modern and historical countries and societies. Includes such topics as Acadian Studies, French Canadian and Quebec Studies, Southern (U.S.) Studies, New England Studies, Southwestern Studies, Northern Studies, and others."
05.0123,05,Chinese Studies.,"A program that focuses on the history, society, politics, culture, and economics of one or more of the peoples of present-day China and its historical predecessors, related borderlands and island groups, and the overseas Chinese diaspora."
05.0124,05,French Studies.,"A program that focuses on the history, society, politics, culture, and economics of France, other Francophone countries inside and outside Europe, and the French colonial experience and the associated French minorities around the world."
05.0125,05,German Studies.,"A program that focuses on the history, society, politics, culture, and economics of Germany, the neighboring countries of Austria and Switzerland, the German minorities in neighboring European countries, and the historical areas of German influence across Europe and overseas."
05.0126,05,Italian Studies.,"A program that focuses on the history, society, politics, culture, and economics of modern Italy and its predecessors on the Italian Peninsula, including the overseas migrations of Italian peoples."
05.0127,05,Japanese Studies.,"A program that focuses on the history, society, politics, culture, and economics of the peoples of Japan, and related island groups and coastal neighbors."
05.0128,05,Korean Studies.,"A program that focuses on the history, society, politics, culture, and economics of the peoples of Korea, including related island groups and borderlands."
05.0129,05,Polish Studies.,"A program that focuses on the history, society, politics, culture, and economics of Poland and the current and historical inhabitants of the Polish lands, including borderlands, from earliest times to the present."
05.0130,05,Spanish and Iberian Studies.,"A program that focuses on the history, society, politics, culture, and economics of the peoples of the Iberian Peninsula and related island groups and border regions from earliest times to the present, with particular emphasis on the development of Spain and Portugal but including other historical and current cultures."
05.0131,05,Tibetan Studies.,"A program that focuses on the history, society, politics, culture, and economics of Tibet and its borderlands, with emphasis on both pre-modern and modern Tibet and associated religious and exile movements."
05.0132,05,Ukraine Studies.,"A program that focuses on the history, society, politics, culture, and economics of the Ukraine and its inhabitants, and related border regions, from earliest times to the present."
05.0133,05,Irish Studies.,"A program that focuses on the history, society, politics, culture, and economics of Ireland and the Irish Diaspora, from the early Christian period to the present."
05.0134,05,Latin American and Caribbean Studies.,"An integrated program that focuses on the history, society, politics, culture, and economics of the peoples and countries of the Latin American and Caribbean region."
05.0135,05,Appalachian Studies.,"A program of study that focuses on the history, sociology, culture, and economics of the Appalachian region of the United States. Includes instruction in contemporary issues in Appalachia, political economy of Appalachia, community-based research, ethnomusicology, and oral and written languages of Appalachia."
05.0136,05,Arctic Studies.,"A program that focuses on the history, society, politics, culture, and economics of the Arctic region."
05.0201,05,African-American/Black Studies.,"A program that focuses on the history, sociology, politics, culture, and economics of the North American peoples descended from the African diaspora; focusing on the United States, Canada, and the Caribbean, but also including reference to Latin American elements of the diaspora."
05.0202,05,American Indian/Native American Studies.,"A program that focuses on the history, sociology, politics, culture, and economics of one or more of the American Indian, Aleut, Inuit, Hawaiian and other native peoples of the Americas from earliest times until the present, with particular emphasis on U.S. and Canadian populations and their problems but including reference to Caribbean and Latin American native peoples."
05.0203,05,"Hispanic-American, Puerto Rican, and Mexican-American/Chicano Studies.","A program that focuses on the history, sociology, politics, culture, and economics of one or more of the Hispanic American immigrant populations within the U.S. and Canada, including Mexican-American Studies, Cuban American Studies, Puerto Rican Studies, and others."
05.0206,05,Asian-American Studies.,"A program that focuses on the history, sociology, politics, culture, and economics of Asian population groups who have immigrated to the United States and Canada, or sought refugee asylum, from the colonial period to the present, and including Chinese-Americans, Japanese-Americans, Korean-Americans, Vietnamese-Americans, Cambodian-Americans, and others."
05.0207,05,Women's Studies.,"A program that focuses on the history, sociology, politics, culture, and economics of women, and the development of modern feminism in relation to the roles played by women in different periods and locations in North America and the world.  Programs may focus on literature, philosophy, and the arts as much as on social studies and policy."
05.0208,05,Gay/Lesbian Studies.,"A program that focuses on homosexuality in history, society, politics, and cultural life; usually with an emphasis on the modern emergence of gays and lesbians as a sociocultural minority movement, the identification of social, literary, and artistic themes and the definition of, and public policy and legal issues surrounding, the gay and lesbian community."
05.0209,05,Folklore Studies.,"A program that focuses on the study of creativity and aesthetic expression in everyday life, as expressed in narrative, literature, performing arts, culture, work, family and community."
05.0210,05,Disability Studies.,"A program that focuses on the nature, meaning, and consequences of what it is to be defined as disabled and explores the historical, cultural, economic, physiological, and socio-political dynamics of disability. Includes instruction in disability rights, legal issues, and public policy; literature, philosophy, and the arts; and/or research in the social sciences, education, and health sciences addressing social and experiential aspects of disability."
05.0211,05,Deaf Studies.,"A program that focuses on the sociological, historical and linguistic aspects of the deaf and hearing impaired, and that prepares individuals to work with the deaf and hearing impaired. Includes instruction in American Sign Language, deaf studies, American deaf culture, structure of American Sign Language, history of the American deaf community, and civil rights of deaf people."
05.0212,05,Comparative Group Studies.,"A program that focuses on the comparative study of the history, literature, sociology, politics, culture, and economics of different groups such as racial, gender, sexual, class, ethnic, geographical, and national. Includes instruction in comparative studies, comparative literature, critical race theory, cultural anthropology, cultural studies, religious studies, science studies, social and cultural theory, urban studies, and visual culture."
09.0101,09,Speech Communication and Rhetoric.,"A program that focuses on the scientific, humanistic, and critical study of human communication in a variety of formats, media, and contexts.  Includes instruction in the theory and practice of interpersonal, group, organizational, professional, and intercultural communication; speaking and listening; verbal and nonverbal interaction; rhetorical theory and criticism; performance studies; argumentation and persuasion; technologically mediated communication; popular culture; and various contextual applications."
09.0102,09,Mass Communication/Media Studies.,"A program that focuses on the analysis and criticism of media institutions and media texts, how people experience and understand media content, and the roles of media in producing and transforming culture.  Includes instruction in communications regulation, law, and policy; media history; media aesthetics, interpretation, and criticism; the social and cultural effects of mass media; cultural studies; the economics of media industries; visual and media literacy; and the psychology and behavioral aspects of media messages, interpretation, and utilization."
09.0401,09,Journalism.,"A program that focuses on the theory and practice of gathering, processing, and delivering news and that prepares individuals to be professional print journalists, news editors, and news managers.  Includes instruction in news writing and editing; reporting; photojournalism; layout and graphic design; journalism law and policy; professional standards and ethics; research methods; and journalism history and criticism."
09.0402,09,Broadcast Journalism.,"A program that focuses on the methods and techniques for reporting, producing, and delivering news and news programs via radio, television, and video/film media; and that prepares individuals to be professional broadcast journalists, editors, producers, directors, and managers.  Includes instruction in the principles of broadcast technology; broadcast reporting; on- and off-camera and microphone procedures and techniques; program, sound, and video/film editing; program design and production; media law and policy; and professional standards and ethics."
09.0404,09,Photojournalism.,"A program that focuses on the use of still and motion photography in journalism and prepares individuals to function as news photographers and photographic editors.  Includes instruction in photography, journalism, studio procedures and techniques, camera and equipment operation and technique, news editing, print and film editing, news scene composition, subject surveillance, media law and policy, news team field operations, and professional standards and ethics."
09.0405,09,Business and Economic Journalism.,"A program of study that prepares students to gather, analyze, and synthesize verbal and visual information to communicate stories related to business and economics across multiple media platforms. Includes instruction in accounting, business, business and economic reporting, business law, economics, finance, financial accounting and reporting, ethics, journalistic research methods and resources, and journalism skills and techniques."
09.0406,09,Cultural Journalism.,"A program of study that prepares individuals to be journalists who critically examine current culture as expressed through the visual and performing arts, design, film, music, radio, television, dance, theater, and written text. Includes instruction in arts criticism, art and entertainment reporting, cultural critique, investigative reporting, newspaper reporting, photojournalism, and writing."
09.0407,09,Science/Health/Environmental Journalism.,"A program that focuses on reporting on science, health, or environmental policy issues; investigating environmental problems and their causes; and public relations. Includes instruction in communication law, health reporting skills, interactive journalism, integrated marketing communication, journalism methods, media ethics, persuasion and political communication, science, health and the environment, social marketing, and video journalism."
09.0701,09,Radio and Television.,"A program that focuses on the theories, methods, and techniques used to plan, produce, and distribute audio and video programs and messages, and that prepares individuals to function as staff, producers, directors, and managers of radio and television shows and media organizations.  Includes instruction in media aesthetics; planning, scheduling, and production; writing and editing; performing and directing; personnel and facilities management; marketing and distribution; media regulations, law, and policy; and principles of broadcast technology."
09.0702,09,Digital Communication and Media/Multimedia.,"A program that focuses on the development, use, critical evaluation, and regulation of new electronic communication technologies using computer applications; and that prepares individuals to function as developers and managers of digital communications media. Includes instruction in computer and telecommunications technologies and processes; design and development of digital communications; marketing and distribution; digital communications regulation, law, and policy; the study of human interaction with, and use of, digital media; and emerging trends and issues."
09.0901,09,"Organizational Communication, General.","A program that focuses on general communication processes and dynamics within organizations.  Includes instruction in the development and maintenance of interpersonal group relations within organizations; decision-making and conflict management; the use of symbols to create and maintain organizational images, missions, and values; power and politics within organizations; human interaction with computer technology; and how communications socializes and supports employees and team members."
09.0902,09,Public Relations/Image Management.,"A program that focuses on the theories and methods for managing the media image of a business, organization, or individual and the communication process with stakeholders, constituencies, audiences, and the general public; and that prepares individuals to function as public relations assistants, technicians, and managers.  Includes instruction in public relations theory; related principles of advertising, marketing, and journalism; message/image design; image management; special event management; media relations; community relations; public affairs; and internal communications."
09.0903,09,Advertising.,"A program that focuses on the creation, execution, transmission, and evaluation of commercial messages in various media intended to promote and sell products, services, and brands; and that prepares individuals  to function as advertising assistants, technicians, and managers.  Includes instruction in advertising theory, marketing strategy, advertising design and production methods, campaign methods and techniques, media management, related principles of business management, and applicable technical and equipment skills."
09.0904,09,Political Communication.,"A program that focuses on human and media communication in the political process and that prepares individuals to function as members of political and public affairs organizations, political campaign staffs, and related government and media entities.  Includes instruction in media effects, political speaking and debating, political advertising and marketing, image management, political journalism, opinion polling, and aspects of print and broadcast media related to the production and distribution of media messages in political settings."
09.0905,09,Health Communication.,"A program that focuses on how people, individually and collectively, understand and accommodate to health and illness and the role of communication and media in shaping professional health care messages and public acceptance of these messages.  Includes instruction in the development and use of health-related and care-related messages and media; the goals and strategies of health care promotion; relationships, roles, situations, and social structures in the context of health maintenance and promotion; and applications to disease prevention, health advocacy, and communications concerning treatments."
09.0906,09,Sports Communication.,"A program that focuses on the methods and techniques for communicating about sports in a variety of formats, media, and contexts; and that prepares individuals to be sports reporters and writers, photojournalists, radio and television announcers, producers and directors, recreational sports promoters, and public relations specialists.  Includes instruction in sports writing, photography, broadcast journalism, sports production, game rules, media and public relations, and sports promotion."
09.0907,09,International and Intercultural Communication.,"A program that focuses on the specialized knowledge and skills needed for effective communication in the international community and among people of different cultures; and that prepares individuals to function at the national and international levels as journalists, public relations specialists, travel industry representatives, intercultural trainers, and/or foreign service officers.  Includes instruction in journalism, communications, intercultural and international relations, marketing and public relations, and global communications policy."
09.0908,09,Technical and Scientific Communication.,"A program that focuses on the communication of technical and scientific knowledge to a variety of audiences through print, video, and digital media; and that prepares individuals to function as technical writers and editors, documentation developers, web designers, and usability specialists. Includes instruction in scientific and technical writing and editing, graphic and information design, web design, audience analysis, document usability and field testing, publications management, and applications to specific technical fields."
09.0909,09,Communication Management and Strategic Communications.,"A program that focuses on the critical thinking, analysis, and practical skills essential to developing and implementing communication strategies that advance organizations goals and missions. Includes instruction in communication management, crisis communication, communications law, digital and traditional marketing strategies, media relations, social media strategies, strategic communication, traditional and emerging media, and writing for the media."
09.1001,09,Publishing.,"A program that focuses on the process of managing the creation, publication, and distribution of print and electronic books and other text products and prepares individuals to manage the editorial, technical, and business aspects of publishing operations.  Includes instruction in product planning and design, editing, author relations, business and copyright law, publishing industry operations, contracting and purchasing, product marketing, electronic publishing and commerce, history of publishing, and professional standards and ethics."
11.0101,11,"Computer and Information Sciences, General.","A general program that focuses on computing, computer science, and information science and systems. Such programs are undifferentiated as to title and content and are not to be confused with specific programs in computer science, information science, or related support services."
11.0102,11,Artificial Intelligence.,"A program that focuses on the symbolic inference, representation, and simulation by computers and software of human learning and reasoning processes and capabilities, and the computer modeling of human motor control and motion. Includes instruction in computing theory, cybernetics, human factors, natural language processing, and applicable aspects of engineering, technology, and specific end-use applications."
11.0103,11,Information Technology.,"A program that focuses on the design of technological information systems, including computing systems, as solutions to business and research data and communications support needs.  Includes instruction in the principles of computer hardware and software components, algorithms, databases, telecommunications, user tactics, application testing, and human interface design."
11.0104,11,Informatics.,"A program that focuses on computer systems from a user-centered perspective and studies the structure, behavior and interactions of natural and artificial systems that store, process and communicate information. Includes instruction in information sciences, human computer interaction, information system analysis and design, telecommunications structure and information architecture and management."
11.0105,11,Human-Centered Technology Design.,"A program that focuses on incorporating a human perspective into designing, researching, and creating technological interfaces. Includes instruction in design, human-computer interaction, learning, neuroscience, perception, product design, user-centered design, and usability."
11.0201,11,"Computer Programming/Programmer, General.","A program that focuses on the general writing and implementation of generic and customized programs to drive operating systems and that generally prepares individuals to apply the methods and procedures of software design and programming  to software installation and maintenance.  Includes instruction in software design, low- and high-level languages and program writing; program customization and linking; prototype testing; troubleshooting; and related aspects of operating systems and networks."
11.0202,11,"Computer Programming, Specific Applications.",A program that prepares individuals to apply the knowledge and skills of general computer programming to the solution of specific operational problems and customization requirements presented by individual software users and organizational users.  Includes training in specific types of software and its installation and maintenance.
11.0203,11,"Computer Programming, Vendor/Product Certification.","A program that prepares individuals to fulfill the requirements set by vendors for professional qualification as certified installation, customization, and maintenance engineers for specific software products and/or processes.  Includes training in specific vendor-supported software products and their installation and maintenance."
11.0204,11,Computer Game Programming.,"A program that prepares individuals to apply the knowledge and skills of design and computer programming to the development of computer games. Includes training in character and story development, computer programming, computer graphics, game design, game physics, human-computer interaction, human-centered design, and usability."
11.0205,11,"Computer Programming, Specific Platforms.","A program that prepares individuals to design, develop, and implement software-based solutions for specific business and consumer platforms including industrial, game, mobile, tactile, and web platforms. Includes instruction in computer programming, computer hardware, data structures, database theory, maintenance, operating systems, project management, software development, and systems analysis."
11.0301,11,Data Processing and Data Processing Technology/Technician.,"A program that prepares individuals to master and use computer software programs and applications for inputting, verifying, organizing, storing, retrieving, transforming (changing, updating, and deleting), and extracting information.  Includes instruction in using various operating system configurations and in types of data entry such as word processing, spreadsheets, calculators, management programs, design programs, database programs, and research programs."
11.0401,11,Information Science/Studies.,"A program that focuses on the  theory, organization, and process of information collection, transmission, and utilization in traditional and electronic forms.  Includes instruction in information classification and organization; information storage and processing; transmission, transfer, and signaling; communications and networking; systems planning and design; human interfacing and use analysis; database development; information policy analysis; and related aspects of hardware, software, economics, social factors, and capacity."
11.0501,11,Computer Systems Analysis/Analyst.,"A program that prepares individuals to apply programming and systems analysis principles to the selection, implementation, and troubleshooting of customized computer and software installations across the life cycle.  Includes instruction in computer hardware and software; compilation, composition, execution, and operating systems; low- and high-level languages and language programming; programming and debugging techniques; installation and maintenance testing and documentation; process and data flow analysis; user needs analysis and documentation; cost-benefit analysis; and specification design."
11.0601,11,"Data Entry/Microcomputer Applications, General.","A program that generally prepares individuals to perform basic data and text entry using standard and customized software products.  Includes instruction in keyboarding skills, personal computer and work station operation, reading draft texts and raw data forms, audio and tape dictation, and various interactive software programs used for tasks such as word processing, spreadsheets, databases, and others."
11.0602,11,Word Processing.,"A program that prepares individuals to perform text typing, table construction, and document formatting tasks on personal computers at a high rate of accuracy and proficiency.  Includes instruction in keyboarding skills, word processor operation, textual draft interpretation, audio and tape dictation, and specific word processing program software."
11.0701,11,Computer Science.,"A program that focuses on computer theory, computing problems and solutions, and the design of computer systems and user interfaces from a scientific perspective. Includes instruction in the principles of computational science, computer development and programming, and applications to a variety of end-use situations."
11.0801,11,"Web Page, Digital/Multimedia and Information Resources Design.","A program that prepares individuals to apply HTML, CSS, XML, JavaScript, graphics applications, and other authoring tools to the design, editing, and publishing (launching) of documents, images, graphics, sound, and multimedia products on the World Wide Web. Includes instruction in Internet theory, web page standards and policies, elements of web page design, user interfaces, vector tools, special effects, interactive and multimedia components, search engines, navigation, morphing, e-commerce tools, and emerging web technologies."
11.0802,11,Data Modeling/Warehousing and Database Administration.,"A program that prepares individuals to design and manage the construction of databases and related software programs and applications, including the linking of individual data sets to create complex searchable databases (warehousing) and the use of analytical search tools (mining). Includes instruction in database theory, logic, and semantics; operational and warehouse modeling; dimensionality; attributes and hierarchies; data definition; technical architecture; access and security design; integration; formatting and extraction; data delivery; index design; implementation problems; planning and budgeting; and client and networking issues."
11.0803,11,Computer Graphics.,"A program that focuses on the software, hardware, and mathematical tools used to represent, display, and manipulate topological, two-, and three-dimensional objects on a computer screen and that prepares individuals to function as computer graphics specialists.  Includes instruction in graphics software and systems; digital multimedia; graphic design; graphics devices, processors, and standards; attributes and transformations; projections; surface identification and rendering; color theory and application; and applicable geometry and algorithms."
11.0804,11,"Modeling, Virtual Environments and Simulation.","A program focusing on the principles of applied visual simulation technology and the application of quantitative analyses to human-computer interaction.  Includes instruction in object-oriented programming, artificial intelligence, computer communications and networks, computer graphics, virtual worlds and simulation systems, probability, statistics, stochastic modeling, data analysis, human-performance evaluation, and human-behavior modeling."
11.0901,11,Computer Systems Networking and Telecommunications.,"A program that focuses on the design, implementation, and management of linked systems of computers, peripherals, and associated software to maximize efficiency and productivity, and that prepares individuals to function as network specialists and managers at various levels.  Includes instruction in operating systems and applications; systems design and analysis; networking theory and solutions; types of networks; network management and control; network and flow optimization; security; configuring; and troubleshooting."
11.0902,11,Cloud Computing.,"A program that prepares individuals to design and implement enterprise software systems that rely on distributed computing and service-oriented architecture, including databases, web services, cloud computing, and mobile apps. Includes instruction in data management, distributed and cloud computing, enterprise software architecture, enterprise and cloud security, mobile systems and applications, server administration, and web development."
11.1001,11,Network and System Administration/Administrator.,A program that prepares individuals to manage the computer operations and control the system configurations emanating from a specific site or network hub.  Includes instruction in computer hardware and software and applications; local area (LAN) and wide area (WAN) networking; principles of information systems security; disk space and traffic load monitoring; data backup; resource allocation; and setup and takedown procedures.
11.1002,11,"System, Networking, and LAN/WAN Management/Manager.","A program that prepares individuals to oversee and regulate the computer system and performance requirements of an entire organization or network of satellite users.  Includes instruction in performance balancing; redundancy; local area (LAN) and wide area (WAN) network management; system migration and upgrading; outage control; problem diagnosis and troubleshooting; and system maintenance, budgeting, and management."
11.1003,11,Computer and Information Systems Security/Auditing/Information Assurance.,"A program that prepares individuals to assess the security needs of computer and network systems, recommend safeguard solutions, and manage the implementation, auditing, and maintenance of security devices, systems, and procedures.  Includes instruction in computer architecture, programming, and systems analysis; networking; telecommunications; cryptography; security system auditing and design; applicable law and regulations; risk assessment and policy analysis; contingency planning; user access issues; investigation techniques; and troubleshooting."
11.1004,11,Web/Multimedia Management and Webmaster.,"A program that prepares individuals to develop and maintain web servers and the hosted web pages at one or a group of web sites, and to function as designated webmasters.  Includes instruction in computer systems and networks, server installation and maintenance, web page design and editing, information resources management, web policy and procedures, Internet applications of information systems security, user interfacing and usability research, and relevant management and communications skills."
11.1005,11,Information Technology Project Management.,"A program that prepares individuals to design, develop, and manage information technology projects in a variety of companies and organizations. Includes instruction in principles of project management, risk management, procurement and contract management, information security management, software management, organizational principles and behavior, communications, quality assurance, financial analysis, leadership, and team effectiveness."
11.1006,11,Computer Support Specialist.,"A program that prepares individuals to provide technical assistance, support, and advice to computer users to help troubleshoot software and hardware problems. Includes instruction in computer concepts, information systems, networking, operating systems, computer hardware, the Internet, software applications, help desk concepts and problem solving, and principles of customer service."
12.0301,12,"Funeral Service and Mortuary Science, General.","A program that generally prepares individuals for careers in the funeral service industry and for licensure as funeral service directors or morticians.  Includes instruction in the basic elements of mortuary science and the business, counseling, and operational aspects of funeral service."
12.0302,12,Funeral Direction/Service.,"A program that prepares individuals for professional licensure as funeral directors and as managers of funeral homes, cemeteries, and related services.  Includes instruction in the sociology of death and dying, psychology of grief and grief counseling, history of funeral service, funeral direction, business law, funeral service law, funeral home management, accounting and related computer operations, and funeral services marketing and merchandising."
12.0303,12,Mortuary Science and Embalming/Embalmer.,"A program that prepares individuals for licensure as embalmers and morticians.  Includes instruction in pathogenic microbiology, systematic pathology, thanatochemistry, gross anatomy, clinical mortuary science, embalming, restorative art, applicable laws and regulations, and special services such as cremation and preparations required by specific religious communities."
12.0401,12,"Cosmetology/Cosmetologist, General.","A program that generally prepares individuals to cut, trim, and style scalp, facial, and body hair; apply cosmetic preparations; perform manicures and pedicures; massage the head and extremities; and prepare for practice as licensed cosmetologists in specialized or full-service salons.  Includes instruction in hair cutting and styling, manicuring, pedicuring, facial treatments, shampooing, chemical applications, esthetics, shop management, sanitation and safety, customer service, and applicable professional and labor laws and regulations."
12.0402,12,Barbering/Barber.,"A program that prepares individuals to shave and trim facial/neck hair and beards, cut and dress hair, fit hairpieces, give facial and scalp massages, apply cosmetic treatments, and to prepare for licensure as professional barbers at various levels.  Includes instruction in facial shaving; beard and mustache shaping and trimming; shampooing; hair cutting; hair styles and styling art; facial treatments and massage; chemical applications; hair and scalp anatomy and physiology; hairpiece and toupee fitting; equipment operation; health and safety; customer service; and shop business practices."
12.0404,12,Electrolysis/Electrology and Electrolysis Technician.,"A program that prepares individuals to permanently remove hair from the human scalp, face, and body using specialized charged solid needle probes, and to function as licensed electrologists and electrolysis technicians.  Includes instruction in direct current electrolysis, alternating current/high frequency thermolysis, blend/dual modality treatments, equipment theory and operation, safety and sanitation, client evaluation and care, laws and regulations, and business practices."
12.0406,12,Make-Up Artist/Specialist.,"A program that prepares individuals to professionally apply cosmetic makeup preparations and perform complete and specialized appearance makeovers including hairdressing, wig work, masking, temporary prosthesis applications, cosmetic applications, and related costuming for leisure or for professional stage, camera, clinical, or security purposes.  Includes instruction in period and contemporary hairstyling and costuming; wig work and hairpiece application; synthetic hair and masks; cosmetic preparations and treatments; makeup artistry; attachment, removal, and camouflaging of prostheses; health and safety; client consultation and care; pre- and post-production operations; set and crew conduct and relations; script, instruction, and prescription interpretation; labor relations; and business practices."
12.0407,12,Hair Styling/Stylist and Hair Design.,"A program that prepares individuals to shampoo, cut, style, set, and dress the scalp hair of women and/or men, braid hair, apply hair cosmetics and wigs, and prepare for licensure as professional cosmetologists, hairdressers, and barbers at various levels.  Includes instruction in hair design theory and concepts, hair cleaning and shampooing, hair coloring, chemical applications and permanent reconstructions, hair anatomy and physiology, scalp diseases and treatments, wig and hairpiece fitting, hair braiding, customer service, shop management, equipment operation, health and safety, and applicable laws and regulations."
12.0408,12,Facial Treatment Specialist/Facialist.,"A program that prepares individuals to massage and treat the face, neck, and scalp with chemical and cosmetic preparations, and to function as licensed facial specialists in specialized and full service salons.  Includes instruction in facial surface anatomy; skin properties; skin decontamination and infection control; facial massage; facial makeup; facial wrapping; selection and application of creams, lotions, oils, and other chemicals and cosmetics; European and other facial techniques; client evaluation and care; applicable laws and regulations; and business practices."
12.0409,12,Aesthetician/Esthetician and Skin Care Specialist.,"A program that prepares individuals to cleanse, depilate, massage, and beautify the human body and to function as licensed estheticians and skin care specialists.  Includes instruction in skin anatomy, physiology, and health; principles of nutrition; decontamination and infection control; health and safety; facial and body massage; body wrapping and spa treatments; temporary hair removal including waxing and tweezing; color and skin analysis; client consultation and care; applicable laws and regulations; business practices; and sometimes related alternative healing regimens."
12.0410,12,Nail Technician/Specialist and Manicurist.,"A program that prepares individuals to shape fingernails and toenails, remove unwanted skin and blemishes, apply polish and cosmetics to nails, and function as licensed manicurists or nail technicians/specialists.  Includes instruction in manicuring theory; skin anatomy; nail growth, irregularities, and diseases; sterilization and sanitation; equipment and table maintenance; cuticle, blemish, and rough skin removal; nail filing, shaping, and polishing; cream application and extremity massage; nail sculpture and design art; product storage and use; customer service; laws and regulations; and business practices."
12.0411,12,Permanent Cosmetics/Makeup and Tattooing.,"A program that prepares individuals to prepare and apply permanent markings, color, and cosmetic products to the face and body for aesthetic or clinical purposes; to remove unwanted markings; and to function as licensed permanent makeup artists and tattooists.  Includes instruction in client consultation; sterilization and sanitation; skin anatomy, diseases, and disorders; skin preparation and anesthetics; color theory; machine theory and operation; needle selection; applications such as eyebrows, eyeliners, lips, lipliners, beauty marks, and blemish/mark removal; after care; laws and regulations; and business practices."
12.0412,12,Salon/Beauty Salon Management/Manager.,"A program that prepares cosmetologists, hairstylists, and other personal grooming specialists to manage beauty parlors, shops, and full-service or specialized salons and to prepare for licensure as professional salon owners and operators.  Includes instruction in cosmetic services marketing and retailing; advertising and promotion; salon management; the cosmetic and salon supply industries; hiring, supervision, and labor relations; applicable business and professional laws and regulations; professional standards and image; and customer service."
12.0413,12,"Cosmetology, Barber/Styling, and Nail Instructor.","A program that prepares cosmetologists, barbers, stylists, nail technicians, and other grooming specialists to teach their specializations in licensed and accredited schools of cosmetology and barbering, and to prepare for licensure as instructors.  Includes instruction in cosmetology arts and sciences teaching principles; student learning styles; professional curricula development; instructional planning; instructional methods and aids; student counseling and career assistance; test development; and classroom/clinic management."
12.0414,12,Master Aesthetician/Esthetician.,"A program that prepares individuals to massage and treat the face, neck, and body with advanced chemical and cosmetic preparations and esthetic medical treatments, and to function as licensed master or medical estheticians in dermatologists' and plastic surgeons' offices as well as in salons and spas. Includes instruction in advanced anatomy and physiology, skin properties and disorders, sanitation and infection control, advanced facial treatments, spa body treatments, advanced extractions, corrective makeup, chemical peels, microdermabrasion, lymphatic drainage and advanced massage techniques, pre- and post-operative esthetic skin care, client/patient evaluation and care, applicable laws and regulations, and business practices."
12.0501,12,Baking and Pastry Arts/Baker/Pastry Chef.,"A program that prepares  individuals to serve as professional bakers and pastry specialists in restaurants or other commercial baking establishments.  Includes instruction in bread and pastry making, bread and pastry handling and storage, cake and pastry decorating, baking industry operations, product packaging and marketing operations, and counter display and service."
12.0502,12,Bartending/Bartender.,"A program that prepares individuals to professionally prepare mixed alcoholic and non-alcoholic beverages and related products and manage bars, lounges, and beverage service operations in the hospitality industry.  Includes instruction in mixology, oenology, accounting and cash management, inventory and cellar management, bar and lounge management, applicable laws and regulations, customer service, and labor/employment regulations."
12.0503,12,Culinary Arts/Chef Training.,"A program that prepares individuals to provide professional chef and related cooking services in restaurants and other commercial food establishments.  Includes instruction in recipe and menu planning, preparing and cooking of foods, supervising and training kitchen assistants, the management of food supplies and kitchen resources, aesthetics of food presentation, and familiarity or mastery of a wide variety of cuisines and culinary techniques."
12.0504,12,"Restaurant, Culinary, and Catering Management/Manager.","A program that prepares individuals to plan, supervise, and manage food and beverage preparation and service operations, restaurant facilities, and catering services.  Includes instruction in food/beverage industry operations, cost control, purchasing and storage, business administration, logistics, personnel management, culinary arts, restaurant and menu planning, executive chef functions, event planning and management, health and safety, insurance, and applicable law and regulations."
12.0505,12,Food Preparation/Professional Cooking/Kitchen Assistant.,"A program that prepares individuals to serve under the supervision of chefs and other food service professionals as kitchen support staff and commercial food preparation workers.  Includes instruction in kitchen organization and operations, sanitation and quality control, basic food preparation and cooking skills, kitchen and kitchen equipment maintenance, and quantity food measurement and monitoring."
12.0506,12,Meat Cutting/Meat Cutter.,"A program that prepares individuals to receive, cut, and package animal meat products in commercial establishments and to function as licensed meat cutters/butchers.  Includes instruction in product recognition for beef, veal, lamb, pork, poultry, and fancy and smoked meats; retail and wholesale cutting and specialty cuts; packaging and counter display; shop safety; meat sanitation, storage and rotation; quality control; meat handling laws and regulations; and customer service."
12.0507,12,"Food Service, Waiter/Waitress, and Dining Room Management/Manager.","A program that prepares individuals to serve food to customers in formal or informal settings.  Includes instruction in the nutritional, sensory, and functional properties of food and its ingredients; food services principles; table and counter services; dining room operations and procedures; service personnel supervision and management; communication skills; business math; safety; and sanitation."
12.0508,12,Institutional Food Workers.,"A program that prepares individuals in production and service used in governmental, commercial or independently owned institutional food establishments and related food industry occupations. Includes instruction in selecting, storing, preparing, and serving food and food products; basic nutrition; sanitation, and food safety; the use and care of commercial equipment; serving techniques; and the operation of institutional food establishments."
12.0509,12,Culinary Science/Culinology.,"A program that focuses on the blending of food science and the culinary arts and that prepares individuals to work as research chefs and related research and development positions in the food industry. Includes instruction in culinary arts, food chemistry, food safety and quality, food processing, nutrition, and business management."
12.0510,12,Wine Steward/Sommelier.,"A program that prepares individuals to manage wine selection, purchasing, storage, sales, and service for a variety of establishments in the hospitality industry. Includes instruction in wine production, wine regions of the world, wine tasting, food and wine matching, service techniques, and wine program management."
12.0601,12,"Casino Operations and Services, General.","A program that focuses on casino operations and services. Includes instruction in casino operations, casino security and surveillance, casino dealing, principles of the gaming industry, ethics, and gaming law."
12.0602,12,Casino Dealing.,"A program of study that prepares individuals to apply technical skills and knowledge to become table games dealers in casinos or other recreational settings. Includes instruction in dealing techniques for Baccarat, Blackjack, Carnival Games, Craps, Poker, and Roulette."
13.0101,13,"Education, General.","A program that focuses on the general theory and practice of learning and teaching, the basic principles of educational psychology, the art of teaching, the planning and administration of educational activities, school safety and health issues, and the social foundations of education."
13.0201,13,Bilingual and Multilingual Education.,"A program that focuses on the design and provision of teaching and other educational services to bilingual/bicultural children or adults, and/or the design and implementation of educational programs having the goal of producing bilingual/bicultural individuals.  Includes preparation to serve as teachers and administrators in bilingual/bicultural education programs."
13.0202,13,Multicultural Education.,"A program that focuses on the design, and implementation of instructional and advising services for culturally diverse learning populations.  Includes instruction in cultural diversity, at-risk populations, multilingual and ESL education, program and curriculum design, instructional technology, information resources, LEP and minority education strategies, counseling and communicating with multicultural populations, law and regulations, and applications to specific cultural groups, educational services, and research issues."
13.0203,13,Indian/Native American Education.,"A program that focuses on the design and implementation of instructional and advising services for American Indian, Alaska Native, and Hawaiian Native students at various learning levels and that prepares individuals to perform teaching and administrative functions in Tribal/First Nation schools.  Includes instruction in the cultural traditions and social patterns, history and politics, learning styles and issues, curriculum design, LEP and minority education strategies, counseling techniques and social issues, rural education services, distance education, adult education techniques, school administration, applicable laws and regulations, and research issues."
13.0301,13,Curriculum and Instruction.,"A program that focuses on the curriculum and related instructional processes and tools, and that may prepare individuals to serve as professional curriculum specialists.  Includes instruction in curriculum theory, curriculum design and planning, instructional material design and evaluation, curriculum evaluation, and applications to specific subject matter, programs or educational levels."
13.0401,13,"Educational Leadership and Administration, General.","A  program that focuses on the general principles and techniques of administering a wide variety of schools and other educational organizations and facilities, supervising educational personnel at the school or staff level, and that may prepare individuals as general administrators and supervisors."
13.0402,13,Administration of Special Education.,"A program that prepares individuals to plan, supervise, and manage programs for exceptional students and their parents.  Includes instruction in special education theory and practice, special education program development, evaluation and assessment in special education, state and federal law and regulations, managing individual education plans, problems of low- and high- disability students, mainstreaming, special education curricula, staff management, parent education, communications and community relations, budgeting, and professional standards and ethics."
13.0403,13,Adult and Continuing Education Administration.,"A program  that focuses on the principles and techniques of administering programs and facilities designed to serve the basic education needs of undereducated adults, or the continuing education needs of adults seeking further or specialized instruction, and that prepares individuals to serve as administrators of such programs.  Includes instruction in adult education principles, program and facilities planning, personnel management, community and client relations, budgeting and administration, professional standards, and applicable laws and policies."
13.0404,13,"Educational, Instructional, and Curriculum Supervision.","A program that prepares individuals to supervise instructional and support personnel at the school building, facility or staff level.  Includes instruction in the principles of staffing and organization, the supervision of learning activities, personnel relations, administrative duties related to departmental or unit management, and specific applications to various educational settings and curricula."
13.0406,13,Higher Education/Higher Education Administration.,"A program that focuses on the principles and practice of administration in four-year colleges, universities and higher education systems, the study of higher education as an object of applied research, and which may prepare individuals to function as administrators in such settings.  Includes instruction in higher education economics and finance; policy and planning studies; curriculum; faculty and labor relations; higher education law; college student services; research on higher education; institutional research; marketing and promotion; and issues of evaluation, accountability and philosophy."
13.0407,13,Community College Administration.,"A program that focuses on the principles and techniques of administering community and junior colleges and related postsecondary systems, the study of community and junior colleges as objects of applied research, and that may prepare individuals to function as administrators in such settings.  Includes instruction in community and junior college finance; policy and planning studies; curriculum; faculty and labor relations; higher education law; student services; research on community and junior colleges; institutional research; marketing and promotion; and issues of evaluation, accountability and philosophy."
13.0408,13,Elementary and Middle School Administration/Principalship.,"A program that focuses on educational administration at the elementary and middle school (K-7) levels and prepares individuals to serve as principals and masters of elementary and middle schools.  Includes instruction in elementary and/or middle school education, program and facilities planning, budgeting and administration, public relations, human resources management, childhood and pre-adolescent growth and development, counseling skills, applicable law and regulations, school safety, policy studies, and professional standards and ethics."
13.0409,13,Secondary School Administration/Principalship.,"A program that focuses on educational administration at the junior high, secondary, or senior high school (7-12) levels and prepares individuals to serve as principals and masters of secondary schools.  Includes instruction in secondary school education, program and facilities planning, budgeting and administration, public relations, human resources management, adolescent growth and development, counseling skills, applicable law and regulations, school safety, policy studies, and professional standards and ethics."
13.0410,13,Urban Education and Leadership.,"A program that focuses on issues and problems specific to the educational needs of populations and communities located in metropolitan, inner city, and related areas and prepares individuals to provide educational services and administrative leadership in urban contexts.  Includes instruction in multicultural education, at-risk studies, urban sociology, multilingual education, urban studies and planning, human services, health services and nutrition, cross-cultural communication, diversity studies, safety and security, and urban educational administration and leadership."
13.0411,13,Superintendency and Educational System Administration.,"A program that focuses on leading and managing multi-school educational systems and school districts and prepares individuals to serve as systems administrators and district superintendents.  Includes instruction in educational administration; education of students at various levels; system planning and budgeting; educational policy; educational law and regulations; public relations; professional standards and ethics; and applications to specific issues, cultural context, and geographic locales."
13.0412,13,International School Administration/Leadership.,"A program that focuses on the principles and practice of administration in international schools, the study of international education as an object of applied research, and which may prepare individuals to function as administrators in such settings. Includes instruction in culture in the classroom, educational leadership, globalization, instructional design and technology, international research methods, evaluation, and education policy."
13.0413,13,Education Entrepreneurship.,"A program that prepares individuals to create, fund, and manage innovations in education. Includes instruction in philanthropy, business modeling, the design of learning environments, the economics of education, entrepreneurship, evaluation, finance, human-centered design, investing, resource management, project management, and marketing."
13.0414,13,Early Childhood Program Administration.,"A program that focuses on early childhood educational program administration and prepares individuals to serve as a principal or director of an early childhood educational program. Includes instruction in early childhood education, program and facilities planning, budgeting and administration, public relations, human resources management, early childhood growth and development, counseling skills, applicable law and regulations, school safety, policy studies, and professional standards and ethics."
13.0501,13,Educational/Instructional Technology.,"A program that focuses on integrating technology into educational curricula. Includes instruction in foundations of educational technology, computer applications, utilizing technology for assessment, multimedia instruction, web-based instruction, distance education, and designing and producing educational software and materials."
13.0601,13,Educational Evaluation and Research.,"A program that focuses on the principles and procedures for generating information about educational programs, personnel and methods, and the analysis of such information for planning purposes.  Includes instruction in evaluation theory, evaluation research design and planning, administering evaluations and related data collection activities, data reporting requirements, data analysis and interpretation, and related economic and policy issues."
13.0603,13,Educational Statistics and Research Methods.,"A program that focuses on the application of statistics to the analysis and solution of educational research problems, and the development of technical designs for research studies.  Includes instruction in mathematical statistics, research design, computer applications, instrument design, research methodologies, and applications to research problems in specific education subjects."
13.0604,13,"Educational Assessment, Testing, and Measurement.","A program that focuses on the principles and procedures for designing, developing, implementing and evaluating tests and other mechanisms used to measure learning, evaluate student progress, and assess the performance of specific teaching tools, strategies and curricula.  Includes instruction in psychometric measurement, instrument design, test implementation techniques, research evaluation, data reporting requirements, and data analysis and interpretation."
13.0607,13,Learning Sciences.,"A program that focuses on the multiple aspects of learning in different environments, including specific aspects of the content to be mastered, cognitive aspects of the student, the instructional environment and materials, the preparation and activities of the instructor, socio-cultural and linguistic components, and assessment outcomes. Includes instruction in the social, organizational, and cultural dynamics of learning; learning and cognition; learning strategies; educational psychology; educational testing and measurement; instructional design and technology; and statistical design of educational research."
13.0608,13,Institutional Research.,"A program of study that prepares an individual to be an institutional researcher at a postsecondary educational institution. Includes instruction in data analysis, data-driven decision-making, data mining, higher education administration and organization, research methods, and statistics."
13.0701,13,International and Comparative Education.,"A program that focuses on the educational phenomena, practices, and institutions within different societies and states in a comparative perspective, and the study of international educational issues. Includes instruction in comparative research methods, country- or area-specific studies, cross-national studies of learning and teaching styles, international educational policy and development, and analyses of educational migration patterns and experiences."
13.0901,13,Social and Philosophical Foundations of Education.,"A program that focuses on the systematic study of education as a social and cultural institution, and the educational process as an object of humanistic inquiry.  Includes instruction in such subjects as the philosophy of education, history of education, educational literature, educational anthropology, sociology of education, economics and politics of education, educational policy studies, and studies of education in relation to specific populations, issues, social phenomena, and types of work."
13.1001,13,"Special Education and Teaching, General.","A general program that focuses on the design and provision of teaching and other educational services to children or adults with special learning needs or disabilities, and that may prepare individuals to function as special education teachers in a collaborative or team environment.  Includes instruction in diagnosing learning disabilities, developing individual education plans, teaching and supervising special education students, special education counseling, and applicable laws and policies."
13.1003,13,Education/Teaching of Individuals with Hearing Impairments Including Deafness.,"A program that focuses on the design of educational services for children or adults with hearing impairments including deafness which adversely affect their educational performance, and that may prepare individuals to teach such students.  Includes instruction in identifying students with hearing impairments, including deafness, developing individual education plans, teaching and supervising hearing-impaired students, counseling, and applicable laws and policies."
13.1004,13,Education/Teaching of the Gifted and Talented.,"A program that focuses on the design of educational services for children or adults exhibiting exceptional intellectual, psychomotor or artistic talent or potential, or who exhibit exceptional maturity or social leadership talents, and that may prepare individuals to teach such students.  Includes instruction in identifying gifted and talented students, developing individual education plans, teaching and supervising gifted and talented students, counseling, and applicable laws and policies."
13.1005,13,Education/Teaching of Individuals with Emotional Disturbances.,"A program that focuses on the design of educational services for children or adults with emotional conditions which adversely affect their educational performance and that may prepare individuals to teach such students.  Includes instruction in identifying students with emotional disturbances, developing individual education plans, teaching and supervising individuals with emotional disturbances, counseling, and applicable laws and policies."
13.1006,13,Education/Teaching of Individuals with Intellectual Disabilities.,"A program that focuses on the design of educational services for children or adults with intellectual disabilities which adversely affect their educational performance and that may prepare individuals to teach such students.  Includes instruction in identifying students with intellectual disabilities, developing individual education plans, teaching and supervising mentally handicapped students, counseling, and applicable laws and policies."
13.1007,13,Education/Teaching of Individuals with Multiple Disabilities.,"A program that focuses on the design of educational services for children or adults with multiple disabilities which adversely affect their educational performance and that may prepare individuals to teach such students.  Includes instruction in identifying students with multiple disabilities, developing individual education plans, teaching and supervising students with multiple handicaps, counseling, and applicable laws and policies."
13.1008,13,Education/Teaching of Individuals with Orthopedic and Other Physical Health Impairments.,"A program that focuses on the design of educational services for children or adults with orthopedic and other health impairments which adversely affect their educational performance and that may prepare individuals to teach such students.  Includes instruction in identifying physically disabled students, developing individual education plans, teaching and supervising students with orthopedic and other health impairments, counseling, and applicable laws and policies."
13.1009,13,Education/Teaching of Individuals with Vision Impairments Including Blindness.,"A program that focuses on the design of educational services for children or adults with visual disabilities which adversely affect their educational performance and that may prepare individuals to teach such students.  Includes instruction in identifying students with visual impairments, developing individual education plans, teaching and supervising blind or visually handicapped students, counseling, and applicable laws and policies."
13.1011,13,Education/Teaching of Individuals with Specific Learning Disabilities.,"A program that focuses on the design of educational services for children or adults with specific learning disabilities which adversely affect their educational performance and that may prepare individuals to teach such students.  Includes instruction in identifying students with specific learning disabilities, developing individual education plans, teaching and supervising students with specific learning disabilities, counseling, and applicable laws and policies."
13.1012,13,Education/Teaching of Individuals with Speech or Language Impairments.,"A program that focuses on the study and design of educational services for children or adults with speech and language impairments which adversely affect their educational performance and that may prepare individuals to teach such students.  Includes instruction in identifying students with speech and language impairments, developing individual education plans, teaching and supervising students with speech disabilities, counseling, and applicable laws and policies."
13.1013,13,Education/Teaching of Individuals with Autism.,"A program that focuses on the design of educational services for children or adults with autism, and that prepares individuals to teach such students.  Includes instruction in identifying students with autism, developing individual education plans, teaching and supervising autistic students, counseling, and applicable laws and policies."
13.1014,13,Education/Teaching of Individuals Who are Developmentally Delayed.,"A program that focuses on the design of educational services for children or adults who exhibit slow social, physical, cognitive, or emotional growth patterns related to age, or a combination of such factors that affect learning, and that prepares individuals to teach such students.  Includes instruction in identification of developmental delay patterns, developing individual education plans, teaching and supervising developmentally delayed students, counseling, and applicable laws and policies."
13.1015,13,Education/Teaching of Individuals in Early Childhood Special Education Programs.,"A program that focuses on the design and provision of teaching and other educational services to infant and pre-school age children with special learning needs or disabilities, and that prepares individuals to teach such students.  Includes instruction in diagnosing learning disabilities, developing individual education plans, teaching and supervising special education students, special education counseling, and applicable laws and policies."
13.1016,13,Education/Teaching of Individuals with Traumatic Brain Injuries.,"A program that focuses on the design of educational services for children or adults who are surviving and recovering from brain and brain stem injuries affecting their cognitive, perceptive, and motor functions.  Includes instruction in  neurophysiology and neuropathology; speech, other sensory, and motor pathologies; emotional and cognitive disabilities; physical and occupational rehabilitation techniques; developing individual education plans, teaching and supervising brain-injured students, counseling, and applicable laws and policies."
13.1017,13,Education/Teaching of Individuals in Elementary Special Education Programs.,"A program that focuses on the design and provision of teaching and other educational services to children with special learning needs or disabilities who are in the elementary grades. Includes instruction in diagnosing learning disabilities; developing individual education plans; curriculum development, instructional strategies, and classroom management for elementary special education; and teaching elementary education subject matter."
13.1018,13,Education/Teaching of Individuals in Junior High/Middle School Special Education Programs.,"A program that focuses on the design and provision of teaching and other educational services to children with special learning needs or disabilities who are in junior high/middle school. Includes instruction in diagnosing learning disabilities; developing individual education plans; curriculum development, instructional strategies, and classroom management for middle school special education; and principles of middle school instruction in specific subjects."
13.1019,13,Education/Teaching of Individuals in Secondary Special Education Programs.,"A program that focuses on the design and provision of teaching and other educational services to children with special learning needs or disabilities who are in the secondary grades. Includes instruction in diagnosing learning disabilities; developing individual education plans; curriculum development, instructional strategies, and classroom management for secondary grades special education; content, methods, and modifications in specific subject areas; issues in vocational education; and promoting successful transitions to postsecondary settings."
13.1101,13,Counselor Education/School Counseling and Guidance Services.,"A program that prepares individuals to apply the theory and principles of guidance and counseling to the provision of support for the personal, social, educational, and vocational development of students, and the organizing of guidance services within elementary, middle and secondary educational institutions.  Includes instruction in legal and professional requirements, therapeutic counselor intervention, vocational counseling, and related sociological and psychological foundations."
13.1102,13,College Student Counseling and Personnel Services.,"A program that focuses on the organization and provision of counseling, referral, assistance and administrative services to students in postsecondary educational institutions and adult education facilities, and that may prepare individuals to function as professional counselors in such settings.  Includes instruction in applicable laws and policies, residential counseling and services, vocational counseling and placement services, remedial skills counseling, and therapeutic counselor intervention."
13.1201,13,Adult and Continuing Education and Teaching.,"A program that prepares individuals to teach adult students in various settings, including basic and remedial education programs, continuing education programs, and programs designed to develop or upgrade specific employment-related knowledge and skills."
13.1202,13,Elementary Education and Teaching.,"A program that prepares individuals to teach students in the elementary grades, which may include kindergarten through grade eight, depending on the school system or state regulations.  Includes preparation to teach all elementary education subject matter."
13.1203,13,Junior High/Intermediate/Middle School Education and Teaching.,"A program that prepares individuals to teach students in the middle, intermediate or junior high grades, which may include grades four through nine by regulation."
13.1205,13,Secondary Education and Teaching.,"A program that prepares individuals to teach students in the secondary grades, which may include grades seven through twelve, depending on the school system or state regulations.  May include preparation to teach a comprehensive curriculum or specific subject matter."
13.1206,13,"Teacher Education, Multiple Levels.","A program that prepares individuals to teach students at more than one educational level, such as a combined program in elementary/secondary, early childhood/elementary, elementary/middle school, or junior high/high school teacher education."
13.1207,13,Montessori Teacher Education.,A program that prepares individuals to teach students at various grade levels according to the pedagogical principles and methods developed by Maria Montessori and her followers.
13.1208,13,Waldorf/Steiner Teacher Education.,A program that prepares individuals to teach students at various grade levels according to the pedagogical principles and methods developed by Rudolf Steiner and his followers.
13.1209,13,Kindergarten/Preschool Education and Teaching.,"A program that prepares individuals to teach students in formal settings prior to beginning regular elementary school, usually ranging in age from three to six years (or grade one), depending on the school system or state regulations.  Includes preparation to teach all relevant subject matter."
13.1210,13,Early Childhood Education and Teaching.,"A program that prepares individuals to teach students ranging in age from infancy through eight years (grade three), depending on the school system or state regulations.  Includes preparation to teach all relevant subject matter."
13.1211,13,Online Educator/Online Teaching.,"A program that prepares individuals to teach students at various academic levels through online instructional technologies. Includes instruction in andragogy, pedagogy, assessment, instructional design and technology, and learning science."
13.1212,13,International Teaching and Learning.,"A program that prepares individuals to teach in schools that are implementing or proposing to implement the International Baccalaureate curriculum. Includes instruction in culturally-responsive classrooms, cross-cultural awareness, foundations of international education, human learning, human development, international teaching and learning, and pedagogy."
13.1213,13,"Science, Technology, Engineering, and Mathematics (STEM) Educational Methods.","A program that prepares individuals to connect education practices with scientific, engineering, and mathematical principles for PreK-12 students. Includes instruction in critical thinking, curriculum and instruction, history of STEM education, integrating STEM across curricula, learning sciences and technology, STEM education methods, and teacher leadership in STEM education."
13.1214,13,College/Postsecondary/University Teaching.,"A program that prepares individuals to teach at a postsecondary institution. Includes instruction in andragogy, assessment, classroom motivation, instructional design and technology, learner-centered teaching, learning science, syllabus construction, and teaching critical thinking."
13.1301,13,Agricultural Teacher Education.,A program that prepares individuals to teach vocational agricultural programs at various educational levels.
13.1302,13,Art Teacher Education.,A program that prepares individuals to teach art and art appreciation programs at various educational levels.
13.1303,13,Business and Innovation/Entrepreneurship Teacher Education.,"A program that prepares individuals to teach vocational business, innovation, and entrepreneurship programs at various educational levels. Includes instruction in business administration, business development, finance, idea generation, investing, logistics, management, and marketing."
13.1304,13,Driver and Safety Teacher Education.,A program that prepares individuals to teach driver and safety education programs at various educational levels.
13.1305,13,English/Language Arts Teacher Education.,"A program that prepares individuals to teach English grammar, composition and literature programs at various educational levels."
13.1306,13,Foreign Language Teacher  Education.,"A program that prepares individuals to teach foreign languages programs at various educational levels, other than French, German or Spanish."
13.1307,13,Health Teacher Education.,A program that prepares individuals to teach health education programs at various educational levels.
13.1308,13,Family and Consumer Sciences/Home Economics Teacher Education.,A program that prepares individuals to teach vocational home economics programs at various educational levels.
13.1309,13,Technology Teacher Education/Industrial Arts Teacher Education.,A program that prepares individuals to teach technology education/industrial arts programs at various educational levels.
13.1310,13,Sales and Marketing Operations/Marketing and Distribution   Teacher Education.,A program that prepares individuals to teach vocational sales and marketing operations/marketing and distributive education programs at various educational levels.
13.1311,13,Mathematics Teacher Education.,A program that prepares individuals to teach mathematics programs at various educational levels.
13.1312,13,Music Teacher Education.,A program that prepares individuals to teach music and music appreciation programs at various educational levels.
13.1314,13,Physical Education Teaching and Coaching.,A program that prepares individuals to teach physical education programs and/or to coach sports at various educational levels.
13.1315,13,Reading Teacher Education.,A program that prepares individuals to diagnose reading difficulties and to teach reading programs at various educational levels.
13.1316,13,Science Teacher Education/General Science Teacher Education.,"A program that prepares individuals to teach general science programs, or a combination of the biological and physical science subject matter areas, at various educational levels."
13.1317,13,Social Science Teacher Education.,A program that prepares individuals to teach specific social science subjects and programs at various educational levels.
13.1318,13,Social Studies Teacher Education.,A program that prepares individuals to teach general social studies programs at various educational levels.
13.1319,13,Technical Teacher Education.,A program that prepares individuals to teach specific vocational technical education programs at various educational levels.
13.1320,13,Trade and Industrial Teacher Education.,A program that prepares individuals to teach specific vocational trades and industries programs at various educational levels.
13.1321,13,Computer Teacher Education.,A program that prepares individuals to teach computer education programs at various educational levels.
13.1322,13,Biology Teacher Education.,A program that prepares individuals to teach biology programs at various educational levels.
13.1323,13,Chemistry Teacher Education.,A program that prepares individuals to teach chemistry programs at various educational levels.
13.1324,13,Drama and Dance Teacher Education.,A program that prepares individuals to teach drama and/or dance programs at various educational levels.
13.1325,13,French Language Teacher Education.,A program that prepares individuals to teach French language programs at various educational levels.
13.1326,13,German Language Teacher Education.,A program that prepares individuals to teach German language programs at various educational levels.
13.1327,13,Health Occupations Teacher Education.,A program that prepares individuals to teach specific vocational health occupations programs at various educational levels.
13.1328,13,History Teacher Education.,A program that prepares individuals to teach history programs at various educational levels.
13.1329,13,Physics Teacher Education.,A program that prepares individuals to teach physics programs at various educational levels.
13.1330,13,Spanish Language Teacher Education.,A program that prepares individuals to teach Spanish language programs at various educational levels.
13.1331,13,Speech Teacher Education.,A program that prepares individuals to teach speech and language arts programs at various educational levels.
13.1332,13,Geography Teacher Education.,A program that prepares individuals to teach geography at various grade levels.
13.1333,13,Latin Teacher Education.,A program that prepares individuals to teach Latin at various grade levels.
13.1334,13,School Librarian/School Library Media Specialist.,A program that prepares individuals to serve as librarians and media specialists in elementary and secondary schools as well as special instructional centers.
13.1335,13,Psychology Teacher Education.,A program that prepares individuals to teach general psychology at the secondary school level.
13.1337,13,Earth Science Teacher Education.,A program that prepares individuals to teach earth science programs at various educational levels.
13.1338,13,Environmental Education.,"A program that prepares individuals to teach environmental education at various educational levels as a K-12 classroom educator. Includes instruction in foundations of environmental education, instructional methods, and related content knowledge."
13.1339,13,Communication Arts and Literature Teacher Education.,"A program of study that prepares individuals to teach oral expression, literature, and writing to students at various education levels. Includes instruction in interpersonal communication, intercultural communication, language learning, listening instructional techniques, public speaking, reading instructional techniques, writing instructional techniques, and practical teaching experience."
13.1401,13,Teaching English as a Second or Foreign Language/ESL Language Instructor.,"A program that focuses on the principles and practice of teaching English to students who are not proficient in English or who do not speak, read or write English, and that may prepare individuals to function as teachers and administrators in such programs."
13.1402,13,Teaching French as a Second or Foreign Language.,"A program that focuses on the principles and practice of teaching French to students who are not proficient in French or who do not speak, read, or write French, and prepares individuals to serve as teachers and administrators."
13.1501,13,Teacher Assistant/Aide.,"A program that prepares individuals to assist a teacher in regular classroom settings or in providing instruction and supervision to special student populations, such as bilingual/bicultural students, special education students, adult learners, and students learning English.  Includes instruction in techniques of general classroom supervision, maintaining order, assisting with lessons and carrying out related assignments."
13.1502,13,Adult Literacy Tutor/Instructor.,"A program that prepares individuals to serve as instructors and mentors for adults in basic or functional literacy programs in school, institutional, community, and private settings."
14.0101,14,"Engineering, General.","A program that generally prepares individuals to apply mathematical and scientific principles to solve a wide variety of practical problems in industry, social organization, public works, and commerce.  Includes instruction in undifferentiated and individualized programs in engineering."
14.0102,14,Pre-Engineering.,A program that prepares individuals for admission or transfer to a baccalaureate-level program in any of the fields of engineering.
14.0103,14,Applied Engineering.,"A program that generally prepares individuals to apply mathematical and scientific principles inherent to engineering to the management and design of systems, execution of new product designs, improvement of manufacturing processes, and the management and direction of the physical or technical functions of an organization. Includes instruction in basic engineering principles, project management, industrial processes, production and operations management, systems integration and control, quality control, and statistics."
14.0201,14,"Aerospace, Aeronautical, and Astronautical/Space Engineering, General.","A program that prepares individuals to apply mathematical and scientific principles to the design, development and operational evaluation of aircraft, missiles, space vehicles, and their systems; applied research on flight and orbital characteristics; and the development of systems and procedures for the launching, guidance, and control of air and space vehicles."
14.0202,14,Astronautical Engineering.,"A program that prepares individuals to apply mathematical and scientific principles to the design, development, and operational evaluation of aircraft and space vehicles. Includes instruction in control systems, fluid dynamics, electrical circuits systems, orbital mechanics, propulsion, remote sensing, satellites, spacecraft centers, spacecraft systems engineering, and space exploration."
14.0301,14,Agricultural Engineering.,"A program that prepares individuals to apply mathematical and scientific principles to the design, development and operational evaluation of systems, equipment and facilities for production, processing, storage, handling, distribution and use of food, feed, and fiber. Includes applications to aquaculture, forestry, human and natural resources."
14.0401,14,Architectural Engineering.,"A program that prepares individuals to apply mathematical and scientific principles to the design, development and operational evaluation of materials, systems, and methods used to construct and equip buildings intended for human habitation or other purposes."
14.0501,14,Bioengineering and Biomedical Engineering.,"A program that prepares individuals to apply mathematical and scientific principles to the design, development and operational evaluation of biomedical and health systems and products such as integrated biomedical systems, instrumentation, medical information systems, artificial organs and prostheses, and health management and care delivery systems."
14.0601,14,Ceramic Sciences and Engineering.,"A program that prepares individuals to apply mathematical and scientific principles to the design, development and operational evaluation of inorganic non-metallic materials, such as porcelains, cements, industrial ceramics, ceramic superconductors, abrasive, and related materials and systems."
14.0701,14,Chemical Engineering.,"A program that prepares individuals to apply mathematical and scientific principles to the design, development and operational evaluation of systems employing chemical processes, such as chemical reactors, kinetic systems, electrochemical systems, energy conservation processes, heat and mass transfer systems, and separation processes; and the applied analysis of chemical problems such as corrosion, particle abrasion, energy loss, pollution, and fluid mechanics."
14.0702,14,Chemical and Biomolecular Engineering.,"A program that prepares individuals to apply mathematical and scientific principles to the design, development and operational evaluation of systems at the interface of chemical engineering and biology, with an emphasis at the molecular level, such as biopharmaceutical processes, protein engineering, metabolic engineering, gene therapy, biomaterials, cell and tissue engineering, and drug delivery. Includes instruction in chemical engineering, thermodynamics, organic chemistry, biochemistry, momentum and heat transfer, cellular and molecular biotechnology, process design, and chemical reactor design."
14.0801,14,"Civil Engineering, General.","A program that generally prepares individuals to apply mathematical and scientific principles to the design, development and operational evaluation of structural, load-bearing, material moving, transportation, water resource, and material control systems; and environmental safety measures."
14.0802,14,Geotechnical and Geoenvironmental Engineering.,"A program that prepares individuals to apply geotechnical engineering methods, which deal with the analysis, design and construction of earth and earth supported structures,  to the application of environmental problems, such as waste containment, waste disposal, construction of land fills, soil permeation, soil analysis, and soil improvement. Includes instruction in soil mechanics, soil dynamics, soil behavior, waste management and containment systems, geosynthetics, geochemistry, earth structures, geoenvironmental engineering, geotechnical engineering, earthquake engineering, and foundation engineering"
14.0803,14,Structural Engineering.,"A program that prepares individuals to apply mathematical and scientific principles to the design, development and operational evaluation of materials and systems used in building load-bearing structures for various purposes and in different environments, including buildings, roads, rail lines, bridges, dams, conduits, offshore platforms and work stations, and other structural shells; and the analysis of structural problems such as, failure, fabrication, safety, and natural hazards."
14.0804,14,Transportation and Highway Engineering.,"A program that prepares individuals to apply mathematical and scientific principles to the design, development and operational evaluation of total systems for the physical movement of people, materials and information, including general network design and planning, facilities planning, site evaluation, transportation management systems, needs projections and analysis, and analysis of costs."
14.0805,14,Water Resources Engineering.,"A program that prepares individuals to apply mathematical and scientific principles to the design, development and operational evaluation of systems for collecting, storing, moving, conserving and controlling surface- and groundwater, including water quality control, water cycle management, management of human and industrial water requirements, water delivery, and flood control."
14.0901,14,"Computer Engineering, General.","A program that generally prepares individuals to apply mathematical and scientific principles to the design, development and operational evaluation of computer hardware and software systems and related equipment and facilities; and the analysis of specific problems of computer applications to various tasks."
14.0902,14,Computer Hardware Engineering.,"A program that prepares individuals to apply mathematical and scientific principles to the design, development, and evaluation of computer hardware and related peripheral equipment.  Includes instruction in computer circuit and chip design, circuitry, computer systems design, computer equipment design, computer layout planning, testing procedures, and related computer theory and software topics."
14.0903,14,Computer Software Engineering.,"A program that prepares individuals to apply scientific and mathematical principles to the design, analysis, verification, validation, implementation, and maintenance of computer software systems using a variety of computer languages.  Includes instruction in discrete mathematics, probability and statistics, computer science, managerial science, and applications to complex computer systems."
14.1001,14,Electrical and Electronics Engineering.,"A program that prepares individuals to apply mathematical and scientific principles to the design, development and operational evaluation of electrical and electronic systems and their components, including electrical power generation systems; and the analysis of problems such as superconductor, wave propagation, energy storage and retrieval, and reception and amplification."
14.1003,14,Laser and Optical Engineering.,"A program that prepares individuals to apply mathematical and scientific principles to the design, development and operational evaluation of optical systems, lasers and related electronic devices.  Includes instruction in wave theory and mechanics, electromagnetic applications, linear and non-linear optics, photon detecting, laser beam properties, directed energy, harmonic generation, optical systems, shielding and the design and implementation of related systems and equipment."
14.1004,14,Telecommunications Engineering.,"A program that prepares individuals to apply mathematical and scientific principles to the design, development, and maintenance of telecommunications technology, networks, and systems. Includes instruction in telecommunications, computer networking, communications networks and systems, signals, circuits, fiber optics, and wireless systems and technology."
14.1101,14,Engineering Mechanics.,"A program with a general focus on the application of the mathematical and scientific principles of classical mechanics to the analysis and evaluation of the behavior of structures, forces and materials in engineering problems.  Includes instruction in statics, kinetics, dynamics, kinematics, celestial mechanics, stress and failure, and electromagnetism."
14.1201,14,Engineering Physics/Applied Physics.,"A program focusing on the use of physics principles in the analysis and evaluation of engineering problems and other scientific applications. Includes instruction in high- and low-temperature phenomena, computational physics, superconductivity, applied thermodynamics, molecular and particle physics applications, and space science research."
14.1301,14,Engineering Science.,"A program with a general focus on the general application of various combinations of mathematical and scientific principles to the analysis and evaluation of engineering problems, including applied research in human behavior, statistics, biology, chemistry, the earth and planetary sciences, atmospherics and meteorology, and computer applications."
14.1401,14,Environmental/Environmental Health Engineering.,"A program that prepares individuals to apply mathematical and scientific principles to the design, development and operational evaluation of systems for controlling contained living environments and for monitoring and controlling factors in the external natural environment, including pollution control, waste and hazardous material disposal, health and safety protection, conservation, life support, and requirements for protection of special materials and related work environments."
14.1801,14,Materials Engineering.,"A program that prepares individuals to apply mathematical and materials science principles to the design, development and operational evaluation of materials and related processes used in manufacturing in a wide variety of settings; the synthesis of new industrial materials, including marrying and bonding composites; analysis of materials requirements and specifications; and related problems of system design dependent on materials factors."
14.1901,14,Mechanical Engineering.,"A program that prepares individuals to apply mathematical and scientific principles to the design, development and operational evaluation of physical systems used in manufacturing and end-product systems used for specific uses, including machine tools, jigs and other manufacturing equipment; stationary power units and appliances; engines; self-propelled vehicles; housings and containers; hydraulic and electric systems for controlling movement; and the integration of computers and remote control with operating systems."
14.2001,14,Metallurgical Engineering.,"A program that prepares individuals to apply mathematical and metallurgical principles to the design, development and operational evaluation of metal components of structural, load-bearing, power, transmission, and moving systems; and the analysis of engineering problems such as stress, creep, failure, alloy behavior, environmental fluctuations, stability, electromagnetic and thermodynamic characteristics, optimal manufacturing processes, and related design considerations."
14.2101,14,Mining and Mineral Engineering.,"A program that prepares individuals to apply mathematical and scientific principles to the design, development and operational evaluation of mineral extraction, processing and refining systems, including open pit and shaft mines, prospecting and site analysis equipment and instruments, environmental and safety systems, mine equipment and facilities, mineral processing and refining methods and systems, and logistics and communications systems."
14.2201,14,Naval Architecture and Marine Engineering.,"A program that prepares individuals to apply mathematical and scientific principles to the design, development and operational evaluation of self-propelled, stationary, or towed vessels operating on or under the water, including inland, coastal and ocean environments; and the analysis of related engineering problems such as corrosion, power transfer, pressure, hull efficiency, stress factors, safety and life support, environmental hazards and factors, and specific use requirements."
14.2301,14,Nuclear Engineering.,"A program that prepares individuals to apply mathematical and scientific principles to the design, development and operational evaluation of systems for controlling and manipulating nuclear energy, including nuclear power plant design, fission reactor design, fusion reactor design, reactor control and safety systems design, power transfer systems, containment vessels and structures design; and the analysis of related engineering problems such as fission and fusion processes, human and environmental factors, construction, and operational considerations."
14.2401,14,Ocean Engineering.,"A program that prepares individuals to apply mathematical and scientific principles to the design, development and operational evaluation of systems to monitor, control, manipulate and operate within coastal or ocean environments, such as underwater platforms, flood control systems, dikes, hydroelectric power systems, tide and current control and warning systems, and communications equipment; the planning and design of total systems for working and functioning in water or underwater environments; and the analysis of related engineering problems such as the action of water properties and behavior on physical systems and people, tidal forces, current movements, and wave motion."
14.2501,14,Petroleum Engineering.,"A program that prepares individuals to apply mathematical and scientific principles to the design, development and operational evaluation of systems for locating, extracting, processing and refining crude petroleum and natural gas, including prospecting instruments and equipment, mining and drilling systems, processing and refining systems and facilities, storage facilities, transportation systems, and related environmental and safety systems."
14.2701,14,Systems Engineering.,"A program that prepares individuals to apply mathematical and scientific principles to the design, development and operational evaluation of total systems solutions to a wide variety of engineering problems, including the integration of human, physical, energy, communications, management, and information requirements as needed, and the application of requisite analytical methods to specific situations."
14.2801,14,Textile Sciences and Engineering.,"A program that prepares individuals to apply mathematical and scientific principles to the design, development and operational evaluation of systems to test and manufacture fibers and fiber products, both synthetic and natural; to develop new and improved fibers, textiles and their uses; and to the analysis of related engineering problems such as structural factors, molecular synthesis, chemical manufacturing, weaves, strength and stress, useful life, dyes, and applications to composite systems."
14.3201,14,Polymer/Plastics Engineering.,"A program that prepares individuals to apply mathematical and scientific principles to the design, development and operational evaluation of synthesized macromolecular compounds and their application to specific engineering uses, including the development of industrial materials with tailored properties, the design of lightweight structural components, the use of liquid or solid polymers, and the analysis and control of polymerization processes."
14.3301,14,Construction Engineering.,"A program that prepares individuals to apply scientific, mathematical, and management principles to the planning, design, and building of facilities and structures.  Includes instruction in civil engineering, structural principles, site analysis, computer-assisted design, geology, evaluation and testing, materials, contracting, project management, graphic communications, and applicable laws and regulations."
14.3401,14,Forest Engineering.,"A program that prepares individuals to apply scientific, mathematical, and forestry principles to the design of mechanical devices and processes for efficient forest management, timber production and related forest logistics systems.  Includes instruction in forest products processing, forest management, forest harvesting, timber structure design, production analysis, road and bridge construction, vehicle adaptation and design, and harvesting equipment design."
14.3501,14,Industrial Engineering.,"A program that prepares individuals to apply scientific and mathematical principles to the design, improvement, and installation of integrated systems of people, material, information, and energy.  Includes instruction in applied mathematics, physical sciences, the social sciences, engineering analysis, systems design, computer applications, and forecasting and evaluation methodology."
14.3601,14,Manufacturing Engineering.,"A program that prepares individuals to apply scientific and mathematical principles to the design, development, and implementation of manufacturing systems.  Includes instruction in materials science and engineering, manufacturing processes, process engineering, assembly and product engineering, manufacturing systems design, and manufacturing competitiveness."
14.3701,14,Operations Research.,"A program that focuses on the development and application of complex mathematical or simulation models to solve problems involving operational systems, where the system concerned is subject to human intervention.  Includes instruction in advanced multivariate analysis, application of judgment and statistical tests, optimization theory and techniques, resource allocation theory, mathematical modeling, control theory, statistical analysis, and applications to specific research problems."
14.3801,14,Surveying Engineering.,"A program that prepares individuals to apply scientific and mathematical principles to the determination of the location, elevations, and alignment of natural and manmade topographic features.  Includes instruction in property line location, surveying, surface measurement, aerial and terrestrial photogrammetry, remote sensing, satellite imagery, global positioning systems, computer applications, and photographic data processing."
14.3901,14,Geological/Geophysical Engineering.,"A program that prepares individuals to apply mathematical and geological principles to the analysis and evaluation of engineering problems, including the geological evaluation of construction sites, the analysis of geological forces acting on structures and systems, the analysis of potential natural resource recovery sites, and applied research on geological phenomena."
14.4001,14,Paper Science and Engineering.,"A program that prepares individuals to apply mathematical and scientific principles to the design, development, and manufacturing of pulp and paper products. Includes instruction in pulp and paper science, pulping and bleaching processes, paper structure and processes, pulp and paper manufacturing, coating technology, surface and colloid science, and fibers."
14.4101,14,Electromechanical Engineering.,"A program that prepares individuals to apply scientific and mathematical principles to the problems associated with combining electrical and mechanical components with special emphasis on manufacturing and automated processes. Includes instruction in applied mechanics, instrumentation and monitoring, machine design, automated control techniques, fluid and thermal dynamics, circuit analysis, and solid state electronics."
14.4201,14,"Mechatronics, Robotics, and Automation Engineering.","A program that prepares individuals to apply mathematical and scientific principles to the design, development and operational evaluation of computer controlled electro-mechanical systems and products with embedded electronics, sensors, and actuators; and which includes, but is not limited to, automata, robots and automation systems. Includes instruction in mechanical engineering, electronic and electrical engineering, computer and software engineering, and control engineering."
14.4301,14,Biochemical Engineering.,"A program that prepares individuals to apply mathematical and scientific principles to the study of biochemical processes in living organisms, properties of biological materials, and processes using biochemical agents such as cells, enzymes, and antibodies. Includes instruction in biology, chemistry, physics, biochemistry, thermodynamics, fluid dynamics, bioprocesses, and chemical engineering."
14.4401,14,Engineering Chemistry.,"A program that focuses on the general application of chemical principles to the analysis and evaluation of engineering problems, such as development of electronic materials, solid-state science and technology, polymers, ceramics, and biomaterials. Includes instruction in physical chemistry, organic chemistry, materials science, chemical processes and systems, chemical reaction engineering, biochemical engineering, engineering mathematics, classical and modern physics, and computer science."
14.4501,14,Biological/Biosystems Engineering.,"A program that prepares individuals to apply mathematical and scientific principles to the design, development and management of biological systems; and includes applications to biology, biochemistry, ecology, and microbiology. Includes instruction in organic chemistry; microbiology; biochemistry; chemical, biological, biochemical, and process engineering; thermodynamics; process control; kinetics and reactor design; electric circuits; biosystem modeling; and bioelectronics and instrumentation."
14.4701,14,Electrical and Computer Engineering.,"A program that prepares individuals to apply mathematical and scientific principles to the design and development of computer systems. Includes instruction in computer architecture, cybersecurity, electronic circuits, electromagnetism, electronic materials and design, micro-fabrication methods and techniques, signal and image processing, and wireless communication networks."
14.4801,14,"Energy Systems Engineering, General.","A program that prepares individuals to apply mathematical and scientific principles to the design, development and operational evaluation of energy generation, storage, conversion, and distribution systems. Includes instruction in conventional and alternative/renewable energy systems, electrical power systems, and electrical system design."
14.4802,14,Power Plant Engineering.,"A program that prepares individuals to plan electrical systems and modify existing electrical systems that generate and use large amounts of electricity required for distribution networks that are economical, safe, and functional. Includes instruction in alternative/renewable energy systems; calculus; circuit analysis; electrical power systems and industry practices; electrical system design; microprocessor architecture; motor control systems; power electronics operation, planning and protection; programmable logic controllers; and project management."
15.0001,15,Applied Engineering Technologies/Technicians.,"A program that generally prepares individuals to apply basic engineering principles and technical skills in support of engineers engaged in the management and design of systems, execution of new product designs, improvement of manufacturing processes, and the management and direction of the physical or technical functions of an organization. Includes instruction in basic engineering principles, project management, industrial processes, production and operations management, systems integration and control, quality control, and statistics."
15.0101,15,Architectural Engineering Technologies/Technicians.,"A program that prepares individuals to apply basic engineering principles and technical skills in support of architects, engineers and planners engaged in designing and developing buildings, urban complexes, and related systems.  Includes instruction in design testing procedures, building site analysis, model building and computer graphics, engineering drawing, structural systems testing, analysis of prototype mechanical and interior systems, test equipment operation and maintenance, and report preparation."
15.0201,15,Civil Engineering Technologies/Technicians.,"A program that prepares individuals to apply basic engineering principles and technical skills in support of civil engineers engaged in designing and executing public works projects such as highways, dams, bridges, tunnels and other facilities.  Includes instruction in site analysis, structural testing procedures, field and laboratory testing procedures, plan and specification preparation, test equipment operation and maintenance, and report preparation."
15.0303,15,"Electrical, Electronic, and Communications Engineering Technology/Technician.","A program that prepares individuals to apply basic engineering principles and technical skills in support of electrical, electronics and communication engineers.  Includes instruction in electrical circuitry, prototype development and testing, systems analysis and testing, systems maintenance, instrument calibration, and report preparation."
15.0304,15,Laser and Optical Technology/Technician.,"A program that prepares individuals to apply basic engineering principles and technical skills in support of engineers and other professionals engaged in developing and using lasers and other optical for commercial or research purposes.  Includes instruction in laser and optical principles, testing and maintenance procedures, safety precautions, specific applications to various tasks, and report preparation."
15.0305,15,Telecommunications Technology/Technician.,"A program that prepares individuals to apply basic engineering principles and technical skills to help design and implement telecommunications systems.  Includes instruction in communications protocol, data networking, digital compression algorithms, digital signal processing, Internet access, object-oriented and relational databases, and programming languages."
15.0306,15,Integrated Circuit Design Technology/Technician.,"A program that prepares individuals to apply basic engineering principles and technical skills to design circuits in microelectronics. Includes instruction in circuit design, circuit layout, circuit analysis, computer-aided drafting, and semi-conductor technologies."
15.0307,15,Audio Engineering Technology/Technician.,"A program of study that prepares individuals to apply mathematical and scientific principles to the mixing, recording, and production of music. Includes instruction in acoustics, audio mixing, audio production, audio recording, computer composition of music, music theory, digital devices, and sound technology."
15.0401,15,Biomedical Technology/Technician.,"A program that prepares individuals to apply basic engineering principles and technical skills in support of engineers engaged in developing biological or medical systems and products.  Includes instruction in instrument calibration, design and installation testing, system safety and maintenance procedures, procurement and installation procedures, and report preparation."
15.0403,15,Electromechanical/Electromechanical Engineering Technology/Technician.,"A program that prepares individuals to apply basic engineering principles and technical skills in support of engineers engaged in developing and testing automated, servomechanical, and other electromechanical systems.  Includes instruction in prototype testing, manufacturing and operational testing, systems analysis and maintenance procedures, and report preparation."
15.0404,15,Instrumentation Technology/Technician.,"A program that prepares individuals to apply basic engineering principles and technical skills in support of engineers engaged in developing control and measurement systems and procedures.  Includes instruction in instrumentation design and maintenance, calibration, design and production testing and scheduling, automated equipment functions, applications to specific industrial tasks, and report preparation."
15.0405,15,Robotics Technology/Technician.,"A program that prepares individuals to apply basic engineering principles and technical skills in support of engineers and other professionals engaged in developing and using robots.  Includes instruction in the principles of robotics, design and operational testing, system maintenance and repair procedures, robot computer systems and control language, specific system types and applications to specific industrial tasks, and report preparation."
15.0406,15,Automation Engineer Technology/Technician.,"A program that prepares individuals to apply basic engineering principles and technical skills in support of engineers and other professionals engaged in developing, installing, calibrating, modifying and maintaining automated systems. Includes instruction in computer systems; electronics and instrumentation; programmable logic controllers (PLCs); electric, hydraulic and pneumatic control systems; actuator and sensor systems; process control; robotics; applications to specific industrial tasks; and report preparation."
15.0407,15,"Mechatronics, Robotics, and Automation Engineering Technology/Technician.","A program that prepares individuals to apply basic engineering principles and technical skills in the support of engineers to the design, development, and operational evaluation of autonomous, computer-controlled, electro-mechanical systems. Includes instruction in computer and software engineering, control engineering, electronic and electrical engineering, mechanical engineering, and robotics."
15.0501,15,"Heating, Ventilation, Air Conditioning and Refrigeration Engineering Technology/Technician.","A program that prepares individuals to apply basic engineering principles and technical skills in support of engineers and other professionals engaged in developing and using air conditioning, refrigeration, ventilation, and heating systems. Includes instruction in principles of heating and cooling technology, design and operational testing, inspection and maintenance procedures, installation and operation procedures, and report preparation."
15.0506,15,Water Quality and Wastewater Treatment Management and Recycling Technology/Technician.,"A program that prepares individuals to apply basic engineering principles and technical skills in support of engineers and other professionals engaged in developing and using water storage, waterpower, and wastewater treatment systems.  Includes instruction in water storage, power and/or treatment systems and equipment; testing and inspection procedures; system maintenance procedures; and report preparation."
15.0507,15,Environmental/Environmental Engineering Technology/Technician.,"A program that prepares individuals to apply basic engineering principles and technical skills in support of engineers and other professionals engaged in developing and using indoor and outdoor environmental pollution control systems.  Includes instruction in environmental safety principles, testing and sampling procedures, laboratory techniques, instrumentation calibration, safety and protection procedures, equipment maintenance, and report preparation."
15.0508,15,Hazardous Materials Management and Waste Technology/Technician.,"A program that prepares individuals to apply basic engineering principles and technical skills in support of engineers and other professionals engaged in identifying and disposing of hazardous materials.  Includes instruction in environmental safety principles, biohazard identification, testing and sampling procedures, laboratory techniques, instrumentation calibration, hazardous waste disposal procedures and systems, safety and protection procedures, equipment maintenance, and report preparation."
15.0607,15,Plastics and Polymer Engineering Technology/Technician.,"A program that prepares individuals to apply basic engineering principles and technical skills in support of engineers and other professionals engaged in developing and using industrial polymers.  Includes instruction in the principles of macromolecular chemistry, polymerization and plastic manufacturing processes and equipment, design and operational testing procedures, equipment maintenance and repair procedures, safety procedures, applications to specific products, and report preparation."
15.0611,15,Metallurgical Technology/Technician.,"A program that prepares individuals to apply basic engineering principles and technical skills in support of engineers and metallurgists engaged in developing and using industrial metals and manufacturing processes.  Includes instruction in principles of metallurgy, related manufacturing systems, laboratory techniques, testing and inspection procedures, instrument calibration, system and equipment maintenance and repair, applications to specific processes, and report preparation."
15.0612,15,Industrial Technology/Technician.,"A program that prepares individuals to apply basic engineering principles and technical skills in support of industrial engineers and managers.  Includes instruction in optimization theory, human factors, organizational behavior, industrial processes, industrial planning procedures, computer applications, and report and presentation  preparation."
15.0613,15,Manufacturing Engineering Technology/Technician.,"A program that prepares individuals to apply basic engineering principles and technical skills to the identification and resolution of production problems in the manufacture of products.  Includes instruction in machine operations, production line operations, engineering analysis, systems analysis, instrumentation, physical controls, automation, computer-aided manufacturing (CAM), manufacturing planning, quality control, and informational infrastructure."
15.0614,15,Welding Engineering Technology/Technician.,"A program that prepares individuals to apply basic engineering principles and technical skills to the design and engineering of welding and joining systems and the implementation of welding processes.  Includes instruction in materials science; computer-aided design; welding design; welding processes; welding metallurgy; automation and robotics; and codes, inspections, testing, and quality assurance."
15.0615,15,Chemical Engineering Technology/Technician.,"A program that prepares individuals to apply basic engineering principles and technical skills in support of engineers and other professionals engaged in the production and utilization of chemicals on an industrial scale. Includes instruction in organic chemistry, inorganic chemistry, analytical chemistry, biochemistry, thermodynamics, fluid mechanics, industrial processes, instrumental analysis, sampling and monitoring, and chemical and environmental safety."
15.0616,15,Semiconductor Manufacturing Technology/Technician.,"A program that prepares individuals to apply basic engineering principles and technical skills to operate and monitor equipment for the fabrication of semiconductors or microchips from silicon wafers, and to troubleshoot, maintain, and repair the specialized equipment used in this process. Includes instruction in AC and DC circuits, digital fundamentals, solid state devices, manufacturing processes, vacuum principles and technology, industrial electronics, quality assurance, and semiconductor manufacturing technology."
15.0617,15,Composite Materials Technology/Technician.,"A program of study that prepares individuals to apply basic engineering principles and technical skills in support of engineers and other professionals engaged in the development, manufacture, and use of composite materials in aircraft technology, automotive technology, boats, medical prostheses, and wind turbines. Includes instruction in computer-aided design and drafting, composite materials and processes, composite maintenance, composite manufacturing, composite repair, material science, and mold manufacturing and production."
15.0701,15,Occupational Safety and Health Technology/Technician.,"A program that prepares individuals to apply basic engineering principles and technical skills in support of engineers and other professionals engaged in maintaining job-related health and safety standards.  Includes instruction in safety engineering principles, inspection and monitoring procedures, testing and sampling procedures, laboratory techniques, applications to specific work environments, and report preparation."
15.0702,15,Quality Control Technology/Technician.,"A program that prepares individuals to apply basic engineering principles and technical skills in support of engineers and other professionals engaged in maintaining consistent manufacturing and construction standards.  Includes instruction in quality control systems management principles, technical standards applicable to specific engineering and manufacturing projects, testing procedures, inspection procedures, related instrumentation and equipment operation and maintenance, and report preparation."
15.0703,15,Industrial Safety Technology/Technician.,"A program that prepares individuals to apply basic engineering principles and technical skills to assist engineers and other professionals in implementing and enforcing industrial safety standards to mitigate damage, reduce risks, and prevent accidents. Includes instruction in industrial processes, industrial hygiene, injury prevention, toxicology, ergonomics, risk analysis, system and process safety, safety performance measurement, human factors, human behavior, and applicable law and regulations."
15.0704,15,Hazardous Materials Information Systems Technology/Technician.,"A program that prepares individuals to apply basic engineering principles and technical skills to assist engineers and other professionals in implementing, monitoring, and enforcing hazardous materials management and removal.  Includes instruction in environmental science, environmental health, human behavior, economics, management science, information systems and applications, and communication skills."
15.0705,15,Process Safety Technology/Technician.,"A program that prepares individuals to apply basic engineering principles and technical skills in support of engineers engaged in developing methods to mitigate damage, reduce risks, and prevent accidents. Includes instruction in design for injury prevention, engineering for process safety, environmental psychology, function-based risk analysis, fundamentals of industrial engineering, operations research, probability and statistics, risk assessment and reduction, and safety engineering."
15.0801,15,Aeronautical/Aerospace Engineering Technology/Technician.,"A program that prepares individuals to apply basic engineering principles and technical skills in support of engineers and other professionals engaged in developing, manufacturing and testing aircraft, spacecraft and their systems.  Includes instruction in aircraft/spacecraft systems technology, design and development testing, prototype and operational testing, inspection and maintenance procedures, instrument calibration, test equipment operation and maintenance, and report preparation."
15.0803,15,Automotive Engineering Technology/Technician.,"A program that prepares individuals to apply basic engineering principles and technical skills in support of engineers and other professionals engaged in developing, manufacturing and testing self-propelled ground vehicles and their systems.  Includes instruction in vehicular systems technology, design and development testing, prototype and operational testing, inspection and maintenance procedures, instrument calibration, test equipment operation and maintenance, and report preparation."
15.0805,15,Mechanical/Mechanical Engineering Technology/Technician.,"A program that prepares individuals to apply basic engineering principles and technical skills in support of engineers engaged in the design and development phases of a wide variety of projects involving mechanical systems.  Includes instruction in principles of mechanics, applications to specific engineering systems, design testing procedures, prototype and operational testing and inspection procedures, manufacturing system-testing procedures, test equipment operation and maintenance, and report preparation."
15.0806,15,Marine Engineering Technology/Technician.,"A program that prepares individuals to apply basic engineering principles and technical skills in support of engineers and other professionals engaged in shipboard mechanical and electrical engineering and the maintenance and operation of marine engines, including gas, diesel, and steam engines. Includes instruction in automation, diesel-powered systems, electrical circuits and systems, engine performance, hydraulics, manufacturing, motor-powered systems, refrigeration and air-conditioning, steam-powered systems, and welding."
15.0807,15,Motorsports Engineering Technology/Technician.,"A program that prepares individuals to apply basic engineering principles and technical skills in support of engineers and other professionals engaged in the design, construction, and repair of vehicles used in racing and motorsports. Includes instruction in aerodynamics, design, vehicle dynamics, performance engines, fluid mechanics, computer-aided design (CAD), mechanical engineering, and welding."
15.0901,15,Mining Technology/Technician.,"A program that prepares individuals to apply basic engineering principles and technical skills in support of engineers and other professionals engaged in the development and operation of mines and related mineral processing facilities.  Includes instruction in principles of mineral extraction and related geology, mineral field mapping and site analysis, testing and sampling methods, instrument calibration, assay analysis, test equipment operation and maintenance, mine environment and safety monitoring procedures, mine inspection procedures, and report preparation."
15.0903,15,Petroleum Technology/Technician.,"A program that prepares individuals to apply basic engineering principles and technical skills in support of engineers and other professionals engaged in the development and operation of oil and natural gas extraction and processing facilities.  Includes instruction in principles of petroleum extraction and related geology, petroleum field mapping and site analysis, testing and sampling methods, instrument calibration, laboratory analysis, test equipment operation and maintenance, environment and safety monitoring procedures for oil/gas fields and facilities, facility inspection procedures, and report preparation."
15.1001,15,Construction Engineering Technology/Technician.,"A program that prepares individuals to apply basic engineering principles and technical skills in support of engineers, engineering contractors and other professionals engaged in the construction of buildings and related structures.  Includes instruction in basic structural engineering principles and construction techniques, building site inspection, site supervision, construction personnel supervision, plan and specification interpretation, supply logistics and procurement, applicable building codes, and report preparation."
15.1102,15,Surveying Technology/Surveying.,"A program that prepares individuals to apply mathematical and scientific principles to the delineation, determination, planning and positioning of land tracts, land and water boundaries, land contours and features; and the preparation of related maps, charts and reports.  Includes instruction in applied geodesy, computer graphics, photointerpretation, plane and geodetic surveying, mensuration, traversing, survey equipment operation and maintenance, instrument calibration, and basic cartography."
15.1103,15,Hydraulics and Fluid Power Technology/Technician.,"A program that prepares individuals to apply basic engineering principles and technical skills in support of engineers and other professionals engaged in developing and using fluid power and transportation systems.  Includes instruction in fluid mechanics and hydraulics principles, fluid power systems, pipeline and pumping systems, design and operational testing, inspection and maintenance procedures, related instrumentation, and report preparation."
15.1201,15,Computer Engineering Technology/Technician.,"A program that prepares individuals to apply basic engineering principles and technical skills in support of computer engineers engaged in designing and developing computer systems and installations.  Includes instruction in computer electronics and programming, prototype development and testing, systems installation and testing, solid state and microminiature circuitry, peripheral equipment, and report preparation."
15.1202,15,Computer/Computer Systems Technology/Technician.,"A program that prepares individuals to apply basic engineering principles and technical skills in support of professionals who use computer systems.  Includes instruction in basic computer design and architecture, programming, problems of specific computer applications, component and system maintenance and inspection procedures, hardware and software problem diagnosis and repair, and report preparation."
15.1203,15,Computer Hardware Technology/Technician.,"A program that prepares individuals to apply basic engineering principles and technical skills to support engineers in designing computer hardware and peripheral systems.  Includes instruction in computer systems design, computer architecture, computer electronics, processors, peripherals, testing equipment, and computer manufacturing processes."
15.1204,15,Computer Software Technology/Technician.,"A program that prepares individuals to apply basic engineering principles and technical skills to support engineers in developing, implementing, and evaluating computer software and program applications.  Includes instruction in computer programming,  programming languages, databases, user interfaces, networking and warehousing, encryption and security, software testing and evaluation, and customization."
15.1301,15,"Drafting and Design Technology/Technician, General.","A program that prepares individuals to generally apply technical skills to create working drawings and computer simulations for a variety of applications.  Includes instruction in specification interpretation, dimensioning techniques, drafting calculations, material estimation, technical communications, computer applications, and interpersonal communications."
15.1302,15,CAD/CADD Drafting and/or Design Technology/Technician.,"A program that prepares individuals to apply technical skills and advanced computer software and hardware to the creation of graphic representations and simulations in support of engineering projects.  Includes instruction in engineering graphics, two-dimensional and three-dimensional engineering design, solids modeling, engineering animation, computer-aided drafting (CAD), computer-aided design (CADD), and auto-CAD techniques."
15.1303,15,Architectural Drafting and Architectural CAD/CADD.,"A program that prepares individuals to apply technical knowledge and skills to develop working drawings and electronic simulations for architectural and related construction projects.  Includes instruction in basic construction and structural design, architectural rendering, architectural-aided drafting (CAD), layout and designs, architectural blueprint interpretation, building materials, and basic structural wiring diagramming."
15.1304,15,Civil Drafting and Civil Engineering CAD/CADD.,"A program that prepares individuals to apply technical knowledge and skills to develop working drawing and electronic simulations in support of civil engineers, geological engineers, and related professionals.  Includes instruction in basic civil engineering principles, geological and seismographic mapping, machine drafting, computer-aided drafting (CAD), pipe drafting, survey interpretation, and blueprint reading."
15.1305,15,Electrical/Electronics Drafting and Electrical/Electronics CAD/CADD.,"A program that prepares individuals to apply technical knowledge and skills to develop working schematics and representations in support of electrical/electronic engineers, computer engineers, and related professionals.  Includes instruction in basic electronics, electrical systems and computer layouts; electrode-mechanical drafting; manufacturing circuitry; computer-aided drafting (CAD); and electrical systems specification interpretation."
15.1306,15,Mechanical Drafting and Mechanical Drafting CAD/CADD.,"A program that prepares individuals to apply technical knowledge and skills to develop working drawings and electronic simulations in support of mechanical and industrial engineers, and related professionals.  Includes instruction in manufacturing materials and processes, mechanical drafting, electrode-mechanical drafting, basic metallurgy, geometric dimensioning and tolerancing, blueprint reading, and technical communication."
15.1307,15,3-D Modeling and Design Technology/Technician.,"A program that prepares individuals to apply technical knowledge and skills in the use of three-dimensional (3-D) computer technology to create technical illustrations and models used in manufacturing, design, production, and construction. Includes instruction in 3-D computer-aided design (CAD), 3-D printing, 3-D model design and construction, and 3-D scanning."
15.1401,15,Nuclear Engineering Technology/Technician.,"A program that prepares individuals to apply basic engineering, knowledge and technical skills in support of engineer and other professionals operating nuclear facilities and engaged in nuclear applications and safety procedures.  Includes instruction in physics, nuclear science, nuclear systems, nuclear plant and systems design, radiological safety, radiological applications, and applicable law and regulations."
15.1501,15,Engineering/Industrial Management.,"A program that focuses on the application of engineering principles to the planning and operational management of industrial and manufacturing operations, and prepares individuals to plan and manage such operations.  Includes instruction in accounting, engineering economy, financial management, industrial and human resources management, industrial psychology, management information systems, mathematical modeling and optimization, quality control, operations research, safety and health issues, and environmental program management."
15.1502,15,Engineering Design.,"An instructional program that prepares individuals to apply mathematical and scientific principles to engineering problems involving marrying or coordinating multiple dissimilar systems to carry out single functions or achieve common purposes, organizing system components for maximum flexibility and utility, planning engineering projects involving multiple tasks and design solutions, planning design testing and evaluation procedures, resolving specification and requirement conflicts, and choosing among competing theoretical solutions. Note: this program was re-instated after being deleted from CIP 2000; previously, it was coded as 14.2901."
15.1503,15,Packaging Science.,"A program that focuses on the application of scientific, technological, design, and business principles to the development of packages and packaging materials, including raw material production, conversion of raw materials into usable forms, design, distribution, and post-use recycling and reuse. Includes instruction in principles of packaging, materials sciences, distribution and transportation, engineering and technology, graphic design, packaging regulations, and business and marketing."
15.1601,15,Nanotechnology.,"A program that prepares individuals to apply mathematical, scientific, and engineering principles and technical skills to manipulate matter at the atomic and molecular level (in the range of 1-100 nanometers) and to design, fabricate, and integrate nanoscale structures, devices, and systems. Includes instruction in materials science, thermodynamics, nanomaterials, nanoelectronics, and nano/micro device fabrication and testing."
15.1701,15,Energy Systems Technology/Technician.,"A program that prepares individuals to apply basic engineering principles and technical skills in support of engineers and other professionals engaged in developing energy-efficient systems or monitoring energy use.  Includes instruction in principles of energy conservation, instrumentation calibration, monitoring systems and test procedures, energy loss inspection procedures, energy conservation techniques, and report preparation."
15.1702,15,Power Plant Technology/Technician.,"A program that prepares individuals to apply basic engineering principles and technical skills in support of engineers engaged in the operation and maintenance of electricity generating power plants. Includes instruction in basic electricity, electrical power, generator operations, industrial controls, power plant instrumentation, power plant theory, pollution control, reactor theory, thermodynamics, turbines, and water chemistry."
15.1703,15,Solar Energy Technology/Technician.,"A program that prepares individuals to apply basic engineering principles and technical skills in support of engineers and other professionals engaged in developing solar-powered energy systems.  Includes instruction in solar energy principles, energy storage and transfer technologies, testing and inspection procedures, system maintenance procedures, and report preparation."
15.1704,15,Wind Energy Technology/Technician.,"A program that prepares individuals to apply basic engineering principles and technical skills in support of engineers and other professionals engaged in developing wind-powered energy systems. Includes instruction in wind energy principles, energy storage and transfer technologies, testing and inspection procedures, system maintenance procedures, and report preparation."
15.1705,15,Hydroelectric Energy Technology/Technician.,"A program that prepares individuals to apply basic engineering principles and technical skills in support of engineers and other professionals engaged in developing hydroelectric energy systems. Includes instruction in hydroelectric energy principles, energy storage and transfer technologies, testing and inspection procedures, system maintenance procedures, and report preparation."
15.1706,15,Geothermal Energy Technology/Technician.,"A program that prepares individuals to apply basic engineering principles and technical skills in support of engineers and other professionals engaged in developing geothermal energy systems. Includes instruction in geothermal energy principles, energy storage and transfer technologies, testing and inspection procedures, system maintenance procedures, and report preparation."
16.0101,16,"Foreign Languages and Literatures, General.",A general program that focuses on one or more modern foreign languages that is not specific as to the name of the language(s) studied; that is otherwise undifferentiated; or that introduces students to language studies at the basic/elementary level.
16.0102,16,Linguistics.,"A program that focuses on language, language development, and relationships among languages and language groups from a humanistic and/or scientific perspective.  Includes instruction in subjects such as psycholinguistics, behavioral linguistics, language acquisition, sociolinguistics, mathematical and computational linguistics, grammatical theory and theoretical linguistics, philosophical linguistics, philology and historical linguistics, comparative linguistics, phonetics, phonemics, dialectology, semantics, functional grammar and linguistics, language typology, lexicography, morphology and syntax, orthography, stylistics, structuralism, rhetoric, and applications to artificial intelligence."
16.0103,16,Language Interpretation and Translation.,"A program that prepares individuals to be professional interpreters and/or translators of documents and data files, either from English or (Canadian) French into another language or languages or vice versa.  Includes intensive instruction in one or more foreign languages plus instruction in subjects such as single- and multiple-language interpretation, one- or two-way interpretation, simultaneous interpretation, general and literary translation, business translation, technical translation, and other specific applications of linguistic skills."
16.0104,16,Comparative Literature.,"A program that focuses on two or more literary traditions in the original languages or in translation.  Includes instruction in comparative linguistics; applicable foreign languages; English/French language and literature; literary criticism; and applications to genre, period, national, and textual studies as well as literary forms such as poetry, prose, and drama."
16.0105,16,Applied Linguistics.,"A program that focuses on language-related concerns in the everyday world, including language education, acquisition of first and additional languages, discourse analysis, language assessment, literacy, and language policy and planning.  Includes instruction in linguistic theory; language teaching and learning; discourse analysis; language and cognition; and language, culture, and identity."
16.0201,16,"African Languages, Literatures, and Linguistics.","A program that focuses on one or more of the languages native to the African continent, including, but not limited to, Bantu languages, Nilo-Saharan languages, Niger-Congo languages, Khoisan languages, and the Chadic and Ethiopic languages of the Hamito-Semitic language family. Includes instruction in philology, dialects, and oral and written literatures."
16.0301,16,Chinese Language and Literature.,"A program that focuses on the languages of China and associated dialects and literature. Includes instruction in philology; linguistics; dialects and pidgins; and applications to business, science/technology, and other settings."
16.0302,16,Japanese Language and Literature.,"A program that focuses on the Japanese language. Includes instruction in philology; Ancient, Medieval, and Modern Japanese; dialects; and applications to business, science/technology, and other settings."
16.0303,16,Korean Language and Literature.,"A program that focuses on the Korean language. Includes instruction in philology; dialects; and applications to business, science/technology, and other settings."
16.0304,16,Tibetan Language and Literature.,"A program that focuses on the Tibetan language. Includes instruction in philology; secular and religious Tibetan; dialects; and applications to business, science/technology, Buddhist studies, and other settings."
16.0401,16,"Baltic Languages, Literatures, and Linguistics.","A program that focuses on the languages of the Baltic peoples, including, but not limited to, the modern languages of Latvian and Lithuanian, and extinct languages such as Old Prussian and Curionian. Includes instruction in philology; literature; and applications to business, science/technology, and other settings."
16.0402,16,Russian Language and Literature.,"A program that focuses on the Russian language. Includes instruction in philology; dialects; literature; and applications to business, science/technology, and other settings."
16.0404,16,Albanian Language and Literature.,"A program that focuses on the Albanian language. Includes instruction in Albanian/Illyrian philology; Ghegg and Tosk dialects; and applications to business, science/technology, and other settings."
16.0405,16,Bulgarian Language and Literature.,"A program that focuses on the Bulgarian language.  Includes instruction in philology; literature; and applications to business, science/technology, and other settings."
16.0406,16,Czech Language and Literature.,"A program that focuses on the Czech language.  Includes instruction in philology; literature; and applications to business, science/technology, and other settings."
16.0407,16,Polish Language and Literature.,"A program that focuses on the Polish language.  Includes instruction in philology; dialects; literature; and applications to business, science/technology, and other settings."
16.0408,16,"Bosnian, Serbian, and Croatian Languages and Literatures.","A program that focuses on the Bosnian, Serbian and/or Croatian languages. Includes instruction in philology; dialects; and applications to business, science/technology, and other settings."
16.0409,16,Slovak Language and Literature.,"A program that focuses on the Slovak language.  Includes instruction in philology; dialects; literature; and applications to business, science/technology, and other settings."
16.0410,16,Ukrainian Language and Literature.,"A program that focuses on the Ukrainian language.  Includes instruction in philology; dialects; literature; and applications to business, science/technology, and other settings."
16.0501,16,German Language and Literature.,"A program that focuses on the German language and related dialects. Includes instruction in philology; dialects; and applications to business, science/technology, and other settings."
16.0502,16,"Scandinavian Languages, Literatures, and Linguistics.","A program that focuses on one or more of the languages, literatures, and linguistics of the peoples of Scandinavia and associated Northern European island groups.  Programs may involve multiple languages and language families, not be specific as to the name of the language(s) studied, or be otherwise undifferentiated."
16.0503,16,Danish Language and Literature.,"A program that focuses on the Danish language and related dialects. Includes instruction in philology; literature; and applications to business, science/technology, and other settings."
16.0504,16,Dutch/Flemish Language and Literature.,"A program that focuses on the Dutch language and related dialects. Includes instruction in philology; literature; Dutch Creoles; and applications to business, science/technology, and other settings."
16.0505,16,Norwegian Language and Literature.,"A program that focuses on the Norwegian language and related dialects. Includes instruction in philology; dialects; literature; and applications to business, science/technology, and other settings."
16.0506,16,Swedish Language and Literature.,"A program that focuses on the Swedish language and related dialects. Includes instruction in philology; literature; and applications to business, science/technology, and other settings."
16.0601,16,Modern Greek Language and Literature.,"A program that focuses on the development and use of the Greek language in the period dating from the late 15th century to the present.  Includes instruction in modern Greek literature, current Greek dialects, and applications to business, science/technology, and other settings."
16.0701,16,Hindi Language and Literature.,"A program that focuses on the Hindi language, antecessors, and related dialects. Includes instruction in philology; Modern Hindi; Hindustani; related dialects; and applications in business, science/technology, and other settings."
16.0702,16,"Sanskrit and Classical Indian Languages, Literatures, and Linguistics.","A program that focuses on Sanskrit and related ancient and classical Indo-Aryan languages.  Includes instruction in Vedic and Classical Sanskrit, Pali and other Prakrits, and the historical development of Indo-Aryan languages and their relation to Indo-European languages such as Greek, Latin and the Baltic languages."
16.0704,16,Bengali Language and Literature.,"A program that focuses on the Bengali language (Bangla) and related dialects. Includes instruction in philology; dialects; and applications in business, science/technology, and other settings."
16.0705,16,Punjabi Language and Literature.,"A program that focuses on the Punjabi language (Punjabi) and related dialects. Includes instruction in philology; dialects; and applications in business, science/technology, and other settings."
16.0706,16,Tamil Language and Literature.,"A program that focuses on the Tamil language and related dialects. Includes instruction in philology; Classical and Modern Tamil; dialects; and applications in business, science/technology, and other settings."
16.0707,16,Urdu Language and Literature.,"A program that focuses on the Urdu language and related dialects. Includes instruction in philology; Modern Urdu; dialects; and applications in business, science/technology, and other settings."
16.0801,16,"Iranian Languages, Literatures, and Linguistics.","A program that focuses on the languages used in ancient, medieval, and modern Iran and its border regions, including modern Persian, Avestan/Old Persian, and related modern and extinct languages. Includes instruction in applications of modern Persian and other languages in business, science/technology, and other settings."
16.0901,16,French Language and Literature.,"A program that focuses on the French language and related dialects and creoles. Includes instruction in philology; Metropolitan French; Canadian French; African and Caribbean Creoles; dialects; and applications in business, science/technology, and other settings."
16.0902,16,Italian Language and Literature.,"A program that focuses on the Italian language and related dialects. Includes instruction in philology; dialects; and applications in business, science/technology, and other settings."
16.0904,16,Portuguese Language and Literature.,"A program that focuses on the Portuguese language and related dialects. Includes instruction in philology; Metropolitan Portuguese; Luso-Brazilian Portuguese; dialects; and applications in business, science/technology, and other settings."
16.0905,16,Spanish Language and Literature.,"A program that focuses on the Spanish language and related dialects. Includes instruction in philology; Modern Castillan; Latin American and regional Spanish dialects; and applications in business, science/technology, and other settings."
16.0906,16,Romanian Language and Literature.,"A program that focuses on the Romanian language and related dialects. Includes instruction in philology; dialects; and applications in business, science/technology, and other settings."
16.0907,16,Catalan Language and Literature.,"A program that focuses on the Catalan language and related dialects. Includes instruction in philology; dialects; and applications in business, science/technology, and other settings."
16.0908,16,"Hispanic and Latin American Languages, Literatures, and Linguistics, General.","A program that focuses on the languages and literatures of the Spanish- and Portuguese-speaking areas of the world, including the Iberian, Latin American, and Lusophone worlds.  Includes instruction in Spanish and Portuguese language and linguistics; regional and Latin American dialects; and Spanish, Portuguese, Spanish American, Luso-Brazilian, and Chicano literature."
16.1001,16,"American Indian/Native American Languages, Literatures, and Linguistics.","A program that focuses on one or more of the languages native to the Western Hemisphere, with an emphasis on American Indian languages, but including other Native American languages. Includes instruction in philology; oral and written literatures; Inuit and Aleut languages; North American language families, including, but not limited to, Algonkian, Athabascan, Siouan, Muskogean, Iroquoian, Kumeyaay, Yuman, Mayan, Zapotecan, and Uto-Aztecan; South American language families, including, but not limited to, Andean-Equatorial, Ge-Pano-Carib, and Macro-Chibchan; and other minor languages."
16.1101,16,Arabic Language and Literature.,"A program that focuses on the Arabic language. Includes instruction in philology; Classical Arabic; Modern Standard Arabic; dialects; and applications to business, science/technology, and other settings."
16.1102,16,Hebrew Language and Literature.,"A program that focuses on the Hebrew language. Includes instruction in philology; Biblical Hebrew (including Pre- and Post-Exilic scripts); Modern Hebrew; dialects; and applications to business, science/technology, and other settings."
16.1103,16,"Ancient Near Eastern and Biblical Languages, Literatures, and Linguistics.","A program that focuses on one or more of the extinct Semitic and/or Non-Semitic languages spoken in the ancient Near East, including those used to write historical Jewish and Christian religious texts. These languages include, but are not limited to, Egyptian/Coptic, Sumerian, Akkadian, Babylonian, Assyrian, Aramaic, Cannanite, Phonecian, Samarian, Ugaritic, Syriac, Mandean, Hattic, Elamite, Hurrian, Hittite, Urartian, Lydian, Luwian, Lycian, Palaic, Sabaean/South Arabian, and other associated languages. Includes instruction in philology, epigraphy, papyrology, numismatics, and textual studies."
16.1202,16,Ancient/Classical Greek Language and Literature.,"A program that focuses on the Greek language and literature from its origins through the fall of the Byzantine (Eastern Roman) Empire, as a secular and/or theological subject. Includes instruction in philology, Attic and Hellenistic dialects, Koine (Biblical) Greek, and Medieval or Byzantine Greek."
16.1203,16,Latin Language and Literature.,"A program that focuses on the Latin language and literature from its origins through its decline and its current ecclesiastical usage, as a secular and/or theological subject.  Includes instruction in philology, related Italic dialects, Late Roman and Medieval Latin, and modern Church Latin."
16.1301,16,"Celtic Languages, Literatures, and Linguistics.","A program that focuses on the historical and modern languages spoken by the Celtic peoples of the British Isles, Continental Europe, and Asia Minor, including, but not limited to, modern languages such as Irish, Scots Gaelic, Welsh, and Breton; and extinct or revived languages such as Cornish, Manx, Galatian, and others. Includes instruction in philology; linguistics; dialects and pidgins; literature; and applications to business, science/technology, and other settings."
16.1401,16,"Australian/Oceanic/Pacific Languages, Literatures, and Linguistics.","A program that focuses on the languages native to Papua/New Guinea, Australia, New Zealand, and the island groups of the Pacific Ocean, including, but not limited to, the Papuan languages, the Australian languages, the Micronesian languages, and the Polynesian languages. Includes instruction in philology; linguistics; dialects and pidgins; literature; and applications to business, science/technology, and other settings."
16.1402,16,Indonesian/Malay Languages and Literatures.,"A program that focuses on the Malay and Indonesian languages. Includes instruction in philology; dialects; and applications to business, science/technology, and other settings."
16.1403,16,Burmese Language and Literature.,"A program that focuses on the Burmese language.  Includes instruction in philology; literature; and applications to business, science/technology, and other settings."
16.1404,16,Filipino/Tagalog Language and Literature.,"A program that focuses on the modern Filipino/Tagalog language as used in the Philippines.  Includes instruction in philology; literature; and applications to business, science/technology, and other settings."
16.1405,16,Khmer/Cambodian Language and Literature.,"A program that focuses on the Khmer language as spoken in Cambodia. Includes instruction in philology; literature; and applications to business, science/technology, and other settings."
16.1406,16,Lao Language and Literature.,"A program that focuses on the Lao language. Includes instruction in philology; dialects; literature; and applications to business, science/technology, and other settings."
16.1407,16,Thai Language and Literature.,"A program that focuses on the Thai languages.  Includes instruction in philology; dialects; literature; and applications to business, science/technology, and other settings."
16.1408,16,Vietnamese Language and Literature.,"A program that focuses on the Vietnamese language. Includes instruction in philology; dialects; literature; and applications to business, science/technology, and other settings."
16.1409,16,Hawaiian Language and Literature.,"A program that focuses on the Hawaiian language and related dialects. Includes instruction in philology; dialects; and applications to business, science/technology, and other settings."
16.1501,16,Turkish Language and Literature.,"A program that focuses on the Turkish language in either or both of its pre-modern and modern variants. Includes instruction in philology; Ottoman Turkish; Modern Turkish; dialects; and applications to business, science/technology, and other settings."
16.1502,16,"Uralic Languages, Literatures, and Linguistics.","A program that focuses on Uralic languages, including, but not limited to, Finnish, Estonian, Karelian, and Sami. Includes instruction in philology; oral and written literatures; and applications to business, science/technology, and other settings."
16.1503,16,Hungarian/Magyar Language and Literature.,"A program that focuses on the Hungarian language. Includes instruction in philology; literature; and applications to business, science/technology, and other settings."
16.1504,16,Mongolian Language and Literature.,"A program that focuses on the Mongolian language. Includes instruction in philology; dialects; oral and written literature; and applications to business, science/technology, and other settings."
16.1601,16,American Sign Language (ASL).,"A program that focuses on American Sign Language as a visual and motor medium of communication and discourse for deaf individuals and deaf culture.  Includes instruction in the development of ASL, ASL morphology and syntax, signing technique, English translation of ASL, formal and colloquial ASL, and ASL transcription."
16.1602,16,Linguistics of ASL and Other Sign Languages.,"A program that focuses on the scientific and scholarly study of the development, structure, and use of American Sign Language (ASL) and other visual signed languages, both as vehicles for communication within the deaf community and in relation to spoken and written languages. Includes instruction in cognitive linguistics; ASL and sign language phonology, syntax, and morphology; sociolinguistics of the deaf community; comparative linguistics; and studies of specific sign languages, including, but not limited to, ASL, Auslan (Australian Sign Language), LSF (French Sign Language), Shuwa jiten (Japanese Sign Language), HamNoSys (German Sign Language), and Gestuno."
16.1603,16,Sign Language Interpretation and Translation.,A program that prepares individuals to function as simultaneous interpreters of American Sign Language
16.1701,16,English as a Second Language.,"A program that focuses on the development of proficiency in reading, writing, and speaking English for those for whom English is not their mother tongue. Includes instruction in the use of basic communication skills to develop and transmit ideas and thoughts in English as well as specialized programs that focus on the development of proficiency in English sufficient to meet specific occupational or academic demands. Note: These programs are for academic credit towards a postsecondary credential. For second language programs that are not for academic credit towards a postsecondary credential, see 32.0109."
16.1801,16,Armenian Language and Literature.,"A program that focuses on the historical and modern languages spoken by Armenians. Includes instruction in philology; linguistics; dialects and pidgins; literature; and applications to business, science/technology, and other settings."
19.0101,19,"Family and Consumer Sciences/Human Sciences, General.","A general program that focuses on family and consumer sciences, including how individuals develop and function in family, work, and community settings and how they relate to their physical, social, emotional, and intellectual environments."
19.0201,19,Business Family and Consumer Sciences/Human Sciences.,"A program that focuses on the relationship between the economy and the consuming individual and family.  Includes instruction in consumption theory and practice, the production and distribution of retail goods and services, and the management of business enterprises."
19.0202,19,Family and Consumer Sciences/Human Sciences Communication.,A program that focuses on communication of human sciences subject matter and related consumer information to a variety of audiences through print and non-print media.
19.0203,19,Consumer Merchandising/Retailing Management.,"A program that focuses on product and service promotion from the perspective of individual and family consumers and that prepares individuals to function as consumer management and marketing consultants in for-profit and non-profit enterprises.  Includes instruction in applied market research, consumer behavior, product sourcing and distribution, profitability, customer feedback and evaluation methods, promotion and retailing campaign development, and applications to specific domestic and international consumer markets."
19.0401,19,"Family Resource Management Studies, General.","A general program that focuses on the design and implementation of policies and processes contributing to successful individual and family resource management.  Includes instruction in financial goal-setting and strategies; household income, assets, and debt management; preventing and resolving financial difficulties; and the use of relevant public resources."
19.0402,19,Consumer Economics.,"A program that focuses on the application of micro- and macro-economic theory to consumer behavior and individual and family consumption of goods and services.  Includes instruction in modeling, economic forecasting, indexing, price theory, and analysis of individual commodities and services and/or groups of related commodities and services."
19.0403,19,Consumer Services and Advocacy.,"A program that focuses on providing end-use advice and representational services to individuals and groups within a variety of settings, and the analytical and research techniques needed to protect consumers from unsafe, unreliable, and/or unhealthy products and services.  Includes instruction in consumer advocacy, family management systems, ecological impacts of consumption practices, and analyzing and testing product quality and safety."
19.0501,19,"Foods, Nutrition, and Wellness Studies, General.","A general program that focuses on the role of foods and nutrition in human health and wellness.  Includes instruction in nutritional care and education, the planning and provision of food services, the development of consumable food products, life-span nutrition and wellness, the principles of nutritional assessment, and food safety and food composition."
19.0504,19,Human Nutrition.,"A program that focuses on the relationships between food consumption and human development and health.  Includes instruction in the cellular and molecular processes of food processing in the human body, related metabolic processes, the relationship of food and nutrition to disease, and nutritional needs across the life span."
19.0505,19,Foodservice Systems Administration/Management.,"A program that focuses on the principles and practices relating to the administration of food service systems in institutional settings, and that prepares individuals to manage such operations in public and private facilities.  Includes instruction in human nutrition, food safety, the design and organization of food service systems, purchasing, personnel management, and related business practices."
19.0601,19,"Housing and Human Environments, General.","A general program that focuses on the behavioral, social, economic, functional, and aesthetic aspects of housing, interiors, and other built environments.  Includes instruction in analyzing, planning, designing, furnishing, and equipping residential, work, and leisure spaces to meet user needs and the study of related public policies."
19.0604,19,Facilities Planning and Management.,"A program that focuses on strategic workplace and facility planning and that prepares individuals to function as facility and event managers and workplace consultants.  Includes instruction in the principles of aesthetic and functional design, environmental psychology and organizational behavior, real estate planning, principles of occupational health and safety, event planning and management, operations management, and applicable regulatory and policy issues."
19.0605,19,Home Furnishings and Equipment Installers.,"A program that prepares individuals to assist in home furnishings and decorations. Includes instruction in selecting, purchasing, and designing home furnishings, decorations, and equipment; floral design; accessory construction; textiles; and upholstery."
19.0701,19,"Human Development and Family Studies, General.",A general program that focuses on basic human developmental and behavioral characteristics of the individual within the context of the family.  Includes instruction in the conditions that influence human growth and development; strategies that promote growth and development across the life span; and the study of family systems.
19.0702,19,Adult Development and Aging.,"A program that focuses on the characteristics of aging populations and the needs of older individuals in family and institutional settings.  Includes instruction in the biological and psychological stages of aging; the provision of dependent care; serving the social, economic, and psychological needs of aging adults; related public policy issues; and adult community resources."
19.0704,19,Family Systems.,"A program that focuses on the family as a social unit in its developmental, dynamic, comparative, and structural aspects, and the significance of the family as a system that impacts individuals and society.  Includes instruction in related principles of sociology, psychology, behavioral sciences, and the humanities."
19.0706,19,Child Development.,"A program that focuses on the intellectual, social, emotional, and biological development of children and the planning and design of related human services.  Includes instruction in parent-child relations, parenting practices, special needs of children, parental and environmental influences on child development, external support services, and related public policy issues."
19.0707,19,Family and Community Services.,"A program that focuses on the development and implementation of public, private, and voluntary support services for individuals, families, and localities and that prepares individuals to function in a variety of occupations promoting family life, and family/community development.  Includes instruction in family systems, human development, social services, community social and economic development, social policy, voluntary sector activities, and outreach and community education."
19.0708,19,Child Care and Support Services Management.,"A program that focuses on the provision and management of child care services and that prepares individuals to plan, design, and manage child care facilities and programs that meet children's developmental needs and interests and that provide safe and healthy environments.  Includes instruction in child development and psychology; home- and institution-based child care; identification of diseases, injuries, and psychological trauma and applicable referrals; parent relations; personnel and business management principles; and related laws and policies."
19.0709,19,Child Care Provider/Assistant.,"A program that prepares individuals to be primary providers of home, family, residential, or institutional-based child care services.   Includes instruction in child growth and development, nutrition, recreation, planning and supervision of play and learning activities, child abuse and neglect prevention, parent-child relationships, and applicable legal and administrative requirements."
19.0710,19,Developmental Services Worker.,"A program that prepares individuals to apply practical knowledge and skills to support individuals with a variety of physical, mental or developmental disabilities in a family or community setting. Includes instruction in health care, basic nutrition, pharmacology, nursing, autism, mental health, psychology, sociology, behavioral analysis, communication, intervention, counseling and community services, and developmental services, such as literacy and life skills training."
19.0711,19,Early Childhood and Family Studies.,"A program of study that focuses on the development and learning of children from birth to six years old within the context of the family. Includes instruction in child abuse and neglect, child and infant growth and development, early childhood education, early childhood language and literacy, early childhood math and science, early childhood special education, family literacy, family sociology, family and marriage relations, assessment and measurement, psychology, and psychopathology."
19.0712,19,Parent Education Services.,"A program that prepares individuals to plan, coordinate, and teach parent education programs and services that address the cultural, emotional, intellectual, physical and social needs of children and parents. Includes instruction in child development, cultural diversity in schools, child behavior, family development, family-community partnerships, family dynamics, interpersonal relationships, parent-child relationships, and social services."
19.0901,19,"Apparel and Textiles, General.","A general program that focuses on the development of textile products and their distribution and use in terms of the psychological, social, economic, and physical needs of consumers.  Includes instruction in the production, distribution, marketing, and end use of various apparel and textile products."
19.0902,19,Apparel and Textile Manufacture.,"A program that focuses on the design, development, and production of textile products and related processes and systems.  Includes instruction in functional and aesthetic design, human factors research, production planning, manufacturing processes, quality assessment, and distribution systems."
19.0904,19,Textile Science.,"A program that focuses on the properties and processing of fibers, yarns, whole fabrics, dyes, and finishes, both natural and synthetic.  Includes instruction in the chemical and physical properties of textile materials; end-use analysis; interior furnishing applications; and industrial applications."
19.0905,19,Apparel and Textile Marketing Management.,"A program that focuses on marketing research and management as applied to the products and services of the apparel and textile industries.  Includes instruction in applicable principles of textile and apparel design and manufacturing, sales and distribution systems, domestic and international market research, profitability, consumer research, and the design and implementation of marketing campaigns."
19.0906,19,Fashion and Fabric Consultant.,"A program that prepares individuals to assist in apparel and fashion selection, style coordination, customer sales and consulting, fabric selection, clothing specifications, and contract buying activities. Includes instruction in supplying regular clothing needs or acting as a consultant for special events such as weddings."
19.1001,19,Work and Family Studies.,"An introductory program that focuses on family and consumer science concepts and principles at the basic and vocational levels, and the various potential career paths open to interested students.  Includes instruction in career, community, and family connections; family and family/consumer resources; human development; interpersonal relationships; nutrition and wellness; parenting; and career possibilities in various related areas."
22.0001,22,Pre-Law Studies.,A program that prepares individuals for the professional study of law at the post-baccalaureate level.
22.0101,22,Law.,"A program that prepares individuals for the independent professional practice of law, for taking state and national bar examinations, and for advanced research in jurisprudence.  Includes instruction in the theory and practice of the legal system, including the statutory, administrative, and judicial components of civil and criminal law."
22.0201,22,"Advanced Legal Research/Studies, General.",An integrated or undifferentiated program in one or more of  the legal research or advanced practice fields.
22.0202,22,Programs for Foreign Lawyers.,A program that prepares lawyers educated outside the United States to understand U. S. or Canadian law and jurisprudence.
22.0203,22,American/U.S. Law/Legal Studies/Jurisprudence.,"An advanced, professional program of the U.S. legal system, Constitution law, and jurisprudence.  Includes instruction in legal history, legal sociology, philosophy of law, Constitutional law, legal procedure, and related topics."
22.0204,22,Canadian Law/Legal Studies/Jurisprudence.,"An advanced, professional study of the Canadian legal system, Constitution law, and jurisprudence.  Includes instruction in legal history, legal sociology, philosophy of law, Constitutional law, Commonwealth law, legal procedure, and related topics."
22.0205,22,"Banking, Corporate, Finance, and Securities Law.","An advanced, professional study of the law and process related to the regulation of businesses and the financial services industry.  Includes instruction in corporate law, antitrust law,  securities law and regulation, negotiation, incorporation, partnerships, trusts, and related topics"
22.0206,22,Comparative Law.,"An advanced, professional study of legal systems and philosophies in comparative perspective."
22.0207,22,"Energy, Environment, and Natural Resources Law.","An advanced, professional study of  the law, policies, and regulations governing the energy industry, environmental protection, natural resources and land use, and related topics."
22.0208,22,Health Law.,"An advanced, professional study of the law, policies and regulations affecting the health care industry, health professions, health services and insurance industries, and patients."
22.0209,22,International Law and Legal Studies.,"An advanced, professional study of the law affecting relations between nations, the behavior of international organizations, and the international activities of private citizens and organizations."
22.0210,22,"International Business, Trade, and Tax Law.","An advanced, professional study of the law, policies, and regulations governing transnational business and commercial practices, including the specialized tax law related to international financial transactions."
22.0211,22,Tax Law/Taxation.,"An advanced, professional study of tax law and taxation procedures in U.S. or Canadian jurisdictions affecting individuals and corporations."
22.0212,22,Intellectual Property Law.,"An advanced, professional study of the law, policies, and regulations related to copyrights, patents, trademarks, trade secrets, and related issues. Includes instruction in patent law, copyright law, trademark law, intellectual property licensing and litigation, and applications such as art and entertainment law, communications law, information technology law, sports law, and chemical and biotech patent law."
22.0213,22,Patent Law.,"An advanced, professional study of the law, policies, and regulations affecting patents."
22.0214,22,Agriculture Law.,"An advanced, professional study of the law, policies, and regulations for lawyers and non-legal professionals in food and agriculture."
22.0215,22,Arts and Entertainment Law.,"An advanced, professional study of the law, policies, and regulations affecting the sports, fashion, entertainment, arts, and media industries."
22.0216,22,Compliance Law.,"An advanced, professional study of the law, policies, and regulations for lawyers and non-legal professionals in compliance, ethics, internal monitoring, regulatory affairs, and related areas."
22.0217,22,Criminal Law and Procedure.,"An advanced, professional study of the law, policies, and regulations affecting criminal law and trial procedures."
22.0218,22,Entrepreneurship Law.,"An advanced, professional study of the law, policies, and regulations affecting entrepreneurship and innovation."
22.0219,22,Family/Child/Elder Law.,"An advanced, professional study of the law, policies, and regulations affecting domestic relations across the lifespan."
22.0220,22,Human Resources Law.,"An advanced, professional study of the law, policies, and regulations affecting human resources."
22.0221,22,Insurance Law.,"An advanced, professional study of the law, policies, and regulations affecting insurance."
22.0222,22,Real Estate and Land Development Law.,"An advanced, professional study of the law, policies, and regulations affecting real estate and land development."
22.0223,22,Transportation Law.,"An advanced, professional study of the law, policies, and regulations affecting land, sea, air, and space transportation."
22.0224,22,Tribal/Indigenous Law.,"An advanced, professional study of the law, policies, and regulations affecting federal Indian law, tribal law and policy, and Indigenous peoples' human rights."
22.0301,22,Legal Administrative Assistant/Secretary.,"A program that prepares individuals to serve as legal office managers, special assistants, and legal secretaries.  Includes instruction in office management, secretarial science, principles of U.S. or Canadian law, legal terminology and documentation, legal research, legal software applications, law office procedures, record-keeping, billing, applicable policies and regulations, and professional standards and ethics."
22.0302,22,Legal Assistant/Paralegal.,"A program that prepares individuals to perform research, drafting, investigatory, record-keeping and related administrative functions under the supervision of an attorney or court.  Includes instruction in legal research, drafting legal documents, appraising, pleading, courthouse procedures, and legal specializations."
22.0303,22,Court Reporting and Captioning/Court Reporter.,"A program that prepares individuals to record and transcribe examinations, testimony, judicial orders and instructions, legal opinions, and other formal proceedings via print or electronic methods.  Includes instruction in legal terminology, legal transcription, shorthand, verbatim recording, equipment operation and procedures, applicable regulations, and professional standards and ethics."
22.0304,22,Court Interpreter.,"A program of study that prepares individuals to provide accurate translation and interpretation between two or more languages for parties involved in a legal proceeding. Includes instruction in courtroom standards and procedures, court interpreting, legal terminology, consecutive interpretation, simultaneous interpretation, and sight translation."
22.0305,22,Scopist.,"An instructional program that prepares individuals to perform editing and word processing on a court reporter transcript to ensure the accuracy of the transcripts. Includes instruction in legal terminology, legal transcriptioning, machine shorthand, and computer-aided transcription software."
26.0101,26,"Biology/Biological Sciences, General.","A general program of biology at the introductory, basic level or a program in biology or the biological sciences that is undifferentiated as to title or content.  Includes instruction in general biology and programs covering a variety of biological specializations."
26.0102,26,"Biomedical Sciences, General.","A general, program that focuses on the integrative scientific study of biological issues related to health and medicine, or a program in one or more of the biomedical sciences that is undifferentiated as to title.  Includes instruction in any of the basic medical sciences at the research level; biological science research in biomedical faculties; and general studies encompassing a variety of the biomedical disciplines."
26.0202,26,Biochemistry.,"A program that focuses on the scientific study of the chemistry of living systems, their fundamental chemical substances and reactions, and their chemical pathways and information transfer systems, with particular reference to carbohydrates, proteins, lipids, and nucleic acids.  Includes instruction in bio-organic chemistry, protein chemistry, bioanalytical chemistry, bioseparations, regulatory biochemistry, enzymology, hormonal chemistry, calorimetry, and research methods and equipment operation."
26.0203,26,Biophysics.,"A program that focuses on the application of physics principles to the scientific study of the mechanisms of biological processes and assemblies at all levels of complexity.  Includes instruction in research methods and equipment operation and applications to subjects such as bioenergetics, biophysical theory and modeling, electrophysics, membrane biology, channels, receptors and transporters, contractility and muscle function, protein shaping and folding, molecular and supramolecular structures and assemblies, and computational science."
26.0204,26,Molecular Biology.,"A program that focuses on the scientific study of the structure and function of biological macromolecules and the role of molecular constituents and mechanisms in supramolecular assemblies and cells.  Includes instruction in such topics as molecular signaling and transduction, regulation of cell growth, enzyme substrates and mechanisms of enzyme action, DNA-protein interaction, and applications to fields such as biotechnology, genetics, cell biology, and physiology."
26.0205,26,Molecular Biochemistry.,"A program that focuses on the scientific relationship of physiological function to the structure and actions of macromolecules and supramolecular assemblies such as multienzyme complexes, membranes, and viruses.  Includes instruction in the chemical mechanisms of regulation and catalysis, protein synthesis and other syntheses, and biomolecular chemical reactions."
26.0206,26,Molecular Biophysics.,"A scientific program that focuses on the dynamics and interactions of macromolecules and other three-dimensional ultrastructures, the architecture of supramolecular structures, and energy transfer in biomolecular systems.  Includes instruction in energy transduction, structural dynamics, mechanisms of electron and proton transfer in biological systems, bioinformatics, automated analysis, and specialized research techniques."
26.0207,26,Structural Biology.,"A program that focuses on the scientific study of submolecular and molecular components and assemblies of living systems and how they are organized into functional units such as cells and anatomic tissues.  Includes instruction in glycoprotein, carbohydrate, protein, and nucleic acid structures and chemistry; cytoskeletal structure; nuclear and intracellular structures; molecular recognition; molecular chaperones; transcription and folding; multicellular organization; microtubules and microfilaments; cell differentiation; immunophysics; and DNA sequencing."
26.0208,26,Photobiology.,"A program that focuses on the scientific study of the effects of light energy on living organisms, the manufacture and processing of luminescence by organisms, and the uses of light in biological research.  Includes instruction in bioluminescence, chronobiology, photomedicine, environmental photobiology, organic photochemistry, photomorphogenesis, photoreceptors and photosensitization, molecular mechanics of photosynthesis, phototechnology, vision, ultraviolet radiation, radiation physics, and spectral research methods."
26.0209,26,Radiation Biology/Radiobiology.,"A program that focuses on the  effects of radiation on organisms and biological systems.  Includes instruction in particle physics, ionization, and biophysics of radiation perturbations, cellular and organismic repair systems, genetic and pathological effects of radiation, and the measurement of radiation dosages."
26.0210,26,Biochemistry and Molecular Biology.,"A program of study that combines the biological sub-disciplines of biochemistry and molecular biology. Includes instruction in general biology, general and organic chemistry, physics, biochemistry, molecular biology, immunology, microbiology, genetics, and cellular biology."
26.0301,26,Botany/Plant Biology.,"A program that focuses on the scientific study of plants, related microbial organisms, and plant habitats and ecosystem relations.  Includes instruction in plant anatomy and structure, phytochemistry, cytology, plant genetics, plant morphology and physiology, plant ecology, plant taxonomy and systematics, paleobotany, and applications of biophysics and molecular biology."
26.0305,26,Plant Pathology/Phytopathology.,"A program that focuses on the scientific study of plant diseases and plant health, and the development of disease control mechanisms.  Includes instruction in plant anatomy and physiology, pathogenesis, molecular plant virology, molecular genetics, bacterial epidemiology, causal agent identification, host/agent interactions, disease resistance and response mechanisms, developing plant disease treatments, disease prevention, and disease physiology and control."
26.0307,26,Plant Physiology.,"A program that focuses on the scientific study of plant internal dynamics and systems, plant-environment interaction, and plant life cycles and processes.  Includes instruction in cell and molecular biology; plant nutrition; plant respiration; plant growth, behavior, and reproduction; photosynthesis; plant systemics; and ecology."
26.0308,26,Plant Molecular Biology.,"A program that focuses on the application of molecular biology, biochemistry, and biophysics to the study of biomolecular structures, functions, and processes specific to plants and plant substances.  Includes instruction in the biochemistry of plant cells, nuclear-cytoplasmic interactions, molecular cytostructures, photosynthesis, plant molecular genetics, and the molecular biology of plant diseases."
26.0401,26,Cell/Cellular Biology and Histology.,"A program that focuses on the scientific study of the structure, function, and regulation of cells as individual units and as components of larger systems.  Includes instruction in cell chemistry, cellular dynamics, cellular replication and reproduction, cell anatomy, membrane function, organelles, cell adhesion and extracellular matrices, cell dynamics and motility, meiosis and mytosis, signal transduction, regulation, recognition and defense mechanisms, the cell cycle, cell metabolism and respiration, gene expression, and studies of cell types and characteristics."
26.0403,26,Anatomy.,"A program that focuses on the scientific study of organ systems, tissue structures, and whole bodies together with their cellular and structural components and dynamics.  Includes instruction in cell biology and histology, structural biology, molecular mechanics, regional and gross anatomy, embryology, neuroanatomy, endocrinology and secretory dynamics, and applications to such topics as aging and disease conditions."
26.0404,26,Developmental Biology and Embryology.,"A program that focuses on the scientific study of embryology, development, and growth of animals and human beings.  Includes instruction in fertilization, oogenesis, histogenesis, gastrulation, and cell differentiation; embryological development including organ and pattern formation, morphogenesis, gene regulation, cell lineage, and fate maps; disease and defect studies; transgenic and evolutionary models of growth and development; and applications to specific organisms and phyla."
26.0406,26,Cell/Cellular and Molecular Biology.,"An integrated, combined program that focuses on the scientific study of cells, cellular systems, and the molecular basis of cell structure and function.  Includes instruction in cell biology, cell chemistry, molecular biology, biophysics, and structural biology."
26.0407,26,Cell Biology and Anatomy.,"An integrated, combined program that focuses on the scientific study of cell structure, function, and dynamics within the context of organismic, regional, and gross anatomical systems.  Includes instruction in molecular biology, cell biology and histology, structural biology, anatomy, embryology, endocrinology, and applications to specific systems, diseases, defects, and processes."
26.0502,26,"Microbiology, General.","A program that focuses on the scientific study of unicellular organisms and colonies, and subcellular genetic matter and their ecological interactions with human beings and other life.  Includes instruction in microbial genetics, cell biology, cell physiology, virology, pathogenic microbiology, environmental microbiology, immunology, biostatistics, bioinformatics, and laboratory methods including microscopy."
26.0503,26,Medical Microbiology and Bacteriology.,"A program that focuses on the scientific study of pathogenic bacteria that are significant factors in causing or facilitating human disease.  Includes instruction in the pathogenesis of bacterial diseases, bacterial genetics and physiology, bacterial anatomy and structure, antigens, bacterial reproduction, bacterial adhesion, phagocytes, and the identification of new or mutated bacteria and bacterial agents."
26.0504,26,Virology.,"A program that focuses on the scientific study of subcellular pieces of genetic material, called viruses, that inhabit living cells in parasitical relationships and their role in disease.  Includes instruction in virus taxonomy and systematics, viral structures, viral genetics, prions, virus/host cell interaction, viral pathogenesis, and applications to specific topics such as cancer biology."
26.0505,26,Parasitology.,"A program that focuses on the scientific study of biological organisms living in ecologically exploitative and competitive relationships with host organisms, and the role of parasites in causing injury, disease, and environmental damage.  Includes instruction in vector biology, immunoparasitology, medical parasitology, molecular biology of parasitical associations, veterinary and comparative parasitology, chemotherapeutics, and ecological and systematic parasitology."
26.0506,26,Mycology.,"A program that focuses on the scientific study of fungi, lichenous plants, eukaryotic microorganisms, myxomycetes, and plasmodiophorales and their relationship to diseases in higher plants, animals, and human beings as well as to pharmacologically useful products.  Includes instruction in cell and molecular biology; histopathology; fungal growth and behavior; environmental mycology; antifungal sensitivity; mycoses; pathogens and pathogenesis; pharmacological properties; and computer and laboratory research methods."
26.0507,26,Immunology.,"A program that focuses on scientific study of the biological mechanisms involved in the pathogenesis of disease, host-pathogen interactions, and host response to disease.  Includes instruction in antigen and antibody structure and function, effector mechanisms, receptors, histocompatibility, host-pathogen recognition, disease modeling, autoimmune systems, antibody formation, cytotoxic responses, regulation of immune response, virulence determinants, intercellular signaling, immunosuppression, immunotherapy, immunogenetics, disease markers, transplantation, antibody humanization, and microbial pathogenesis."
26.0508,26,Microbiology and Immunology.,"A program that focuses on the scientific study of the microorganisms that cause disease and the host immune response to them. Includes instruction in microbiology, microbial genetics, molecular virology, pathogenic bacteriology, disease mechanisms, immunology, immunogenetics, autoimmunity, and bioinformatics."
26.0509,26,Infectious Disease and Global Health.,"A program that focuses on the biological, social, and behavioral factors contributing to the cause and spread of infectious diseases. Includes instruction in research design and evaluation, infectious disease epidemiology, international health policy and management, microbiology, microbial genetics, molecular virology, disease mechanisms, antimicrobial resistance, immunology, and bioterrorism."
26.0701,26,Zoology/Animal Biology.,"A general program that focuses on the scientific study of the biology of animal species and phyla, with reference to their molecular and cellular systems, anatomy, physiology, and behavior.  Includes instruction in molecular and cell biology, microbiology, anatomy and physiology, ecology and behavior, evolutionary biology, and applications to specific species and phyla."
26.0702,26,Entomology.,"A program that focuses on the scientific study of insect species and populations in respect of their life cycles, morphology, genetics, physiology, ecology, taxonomy, population dynamics, and environmental and economic impacts.  Includes instruction in applicable biological and physical sciences as well as insect toxicology and the biochemical control of insect populations."
26.0707,26,Animal Physiology.,"A program that focuses on the scientific study of function, morphology, regulation, and intercellular communications and dynamics within vertebrate and invertebrate in animal species, with comparative applications to homo sapiens and its relatives and antecedents.  Includes instruction in reproduction, growth, lactation, digestion, performance, behavioral adaptation, sensory perception, motor action, phylogenetics, biotic and abiotic function, membrane biology, and related aspects of biochemistry and biophysics."
26.0708,26,Animal Behavior and Ethology.,"A program that focuses on the scientific study of the psychological and neurological bases of animal sensation, perception, cognition, behavior, and behavioral interactions within and outside the species.  Includes instruction in ethology, behavioral neuroscience, neurobiology, behavioral evolution, cognition and sensory perception, motivators, learning and instinct, hormonal controls, reproductive and developmental biology, community ecology, functional behavior, and applications to specific behaviors and patterns as well as to specific phyla and species."
26.0709,26,Wildlife Biology.,"A program that focuses on the application of biological principles to the study of vertebrate wildlife, wildlife habitats, and related ecosystems in remote and urban areas.  Includes instruction in animal ecology; adaptational biology; urban ecosystems; natural and artificial habitat management; limnology; wildlife pathology; and vertebrate zoological specializations such as mammalogy, herpetology, ichthyology, ornithology, and others."
26.0801,26,"Genetics, General.","A general program that focuses on the scientific study of the organization, recombination, function, regulation, and transmission of heritable information in biological organisms at all levels of complexity.  Includes instruction in Mendelian genetics, mechanisms of gene regulation, chromosome structure and replication, epigenetic phenomena, DNA repair and recombination, sex determination, genetic interactions between genomes, and molecular evolution."
26.0802,26,Molecular Genetics.,"A program that focuses on the scientific study of genetic structures and mechanisms of organisms, including bacteria, phages, and viruses.  Includes instruction in the replication, expression, transfer, structure, maintenance, and stability of heritable information in DNA, RNA, and proteins; the regulation of these processes; and neurogenetics."
26.0803,26,Microbial and Eukaryotic Genetics.,"A program that focuses on the  scientific study of the genetics of viruses, infectious agents, organelles, nuclear genomes, eubacteria, archaebacteria, and eukaryotic organisms.  Includes instruction in molecular genetics and evolution, parasitic and symbiotic interaction at the genetic level, epigenetic phenomena, microbial interactions, and genomics."
26.0804,26,Animal Genetics.,"A program that focuses on the scientific study of the genetics of multicellular animal life forms from the experimental, comparative, and clinical (veterinary and medical) viewpoints.  Includes instruction in molecular genetics, gene expression, gene regulation, genomics, epigenetic phenomena, DNA recombination and repair, genetic interactions at the microbial and higher levels, and molecular evolution."
26.0805,26,Plant Genetics.,"A program that focuses on the scientific study of the genetics of multicellular plants and fungi as related to botanical research as well as to applications in comparative genetics, ecology and evolutionary studies, clinical studies, and industrial research.  Includes instruction in molecular genetics, gene expression, gene regulation, genomics, epigenetic phenomena, DNA recombination and repair, genetic interactions at the microbial and higher levels, and molecular evolution."
26.0806,26,Human/Medical Genetics.,"A program that focuses on the scientific study of human genetics from the standpoint of medical applications such as clinical diagnosis, genetic engineering and therapy, transplantation, and the study of genetic diseases and disabilities and their defense.  Includes instruction in human molecular genetics; genetic factors causing disease; changes in gene expression during development, differentiation, and pathogenesis; recombinant DNA; gene therapy; clinical genetics; genetic epidemiology; immunogenetics; cytogenetics; and genetics of specific disorders and diseases."
26.0807,26,Genome Sciences/Genomics.,"A program that focuses on the scientific study of whole genome sequences and patterns of gene expression. Includes instruction in molecular and cellular biology, genetics, protein technologies, genomic sciences and techniques, bioinformatics, and scientific and research ethics."
26.0901,26,"Physiology, General.","A general program that focuses on the scientific study of the functional dynamics, morphology, and biochemical and biophysical communications within organisms and between living systems at all levels of complexity and integration.  Includes instruction in reproduction, growth, hormonal action, vascular function, respiration, digestion, sensory perception and processing, sensorimotor integration, signal encoding and conveyance, homeostasis, physical function and malfunction, evolutionary physiology, and disease processes."
26.0902,26,Molecular Physiology.,"A program that focuses on the scientific study of dynamic interactive processes and biochemical communications at the subcellular level.  Includes instruction in ion channels and transporters, molecular signaling pathways, endocrine control and regulation, genetic information transfer, homeostasis and molecular control systems, electrophysiology and sensory mechanisms, protein synthesis, and applicable research methods and technologies."
26.0903,26,Cell Physiology.,"A program that focuses on the scientific study of physiological processes operating within and among cells, and intracellular communication and behavior, in the context of larger systems and whole organisms.  Includes instruction in cell and molecular biology, molecular physiology, cell cycle control, signal transduction, protein structure, membrane biochemistry and structure, ion channel physics, cell respiration and digestion, secretory functions, cell adhesion and communication, information encoding and decoding, and the relation of cell physiology to tissue, organ, and organismic functioning."
26.0904,26,Endocrinology.,"A program that focuses on the scientific study of the composition, manufacture, and secretion of protein compounds by cells and glands and the role of endocrine substances in bodily processes.  Includes instruction in protein chemistry, protein secretion, membrane biogenesis and transfer methods, cellular communication, gene and cell regulation, cytochemistry, fractionation, radioautography, and applications such as neuroendocrinology."
26.0905,26,Reproductive Biology.,"A program that focuses on the scientific study of reproductive processes and biogenesis in animals and human beings.  Includes instruction in reproductive ecology and behavior, reproductive system physiology, endocrinology, developmental biology, neuroendocrinology, evolution and types of reproductive systems, reproductive genetics, physiopathology of reproductive processes, and applications of molecular biology and biophysics to the study of reproductive physiology."
26.0907,26,Cardiovascular Science.,"A program that focuses on the scientific study of the structure and functioning of the heart, vascular system, and blood in animals and human beings and the disorders and diseases associated with the cardiovascular system.  Includes instruction in cardiovascular physiology, blood physiology, vasculature, vascular metabolism, neural control of cardiovascular function, microvascular permeability and membrane transport, cardiac contraction mechanisms, homeostasis, and applications to topics such as arteriosclerosis, heart disease, diabetes, vascular remodeling, transplantation, transfusion, and pacemakers and artificial organs."
26.0908,26,Exercise Physiology and Kinesiology.,"A program that focuses on the scientific study of the physiological processes involved in physical or motor activity, including sensorimotor interactions, response mechanisms, and the effects of injury, disease, and disability.  Includes instruction in muscular and skeletal anatomy; molecular and cellular basis of muscle contraction;  fuel utilization; neurophysiology of motor mechanics; systemic physiological responses (respiration, blood flow, endocrine secretions, and others); fatigue and exhaustion; muscle and body training; physiology of specific exercises and activities; physiology of injury; and the effects of disabilities and disease."
26.0909,26,Vision Science/Physiological Optics.,"A program that focuses on the scientific study of vision, visual processes, and related phenomena and clinical research and treatment modalities.  Includes instruction in ocular anatomy and physiology, microbiology of the eye, electrophysiology, neurophysiology, corneal physiology, photochemistry, psychophysics, visual biophysics and motor systems, sensory mechanisms and photoreception, eye circulation and metabolism, geometric and physical optics, ocular development across the life span, visual stimuli and perception, color vision, eye motility, biometrics and measurement techniques, visual pathology, and environmental issues."
26.0910,26,Pathology/Experimental Pathology.,"A program that focuses on the scientific study of the expression, initiation, maintenance and progression of tissue injury and disease, including death, and the relationship of pathogenesis to fundamental molecular and cellular mechanisms.  Includes instruction in immunology, microbiology, gene expression, inflammation, cell injury, apoptosis, immunopathology, molecular markers of disease and toxins, neoplasia, growth regulation, and organ- and system-specific investigations."
26.0911,26,Oncology and Cancer Biology.,"A program that focuses on the scientific study of carcinogens; the onset of malignancy in cells, tissues, blood, and organs; the genetics of cancer; the anatomy and physiology of cancer cells; and the study of cancer behaviors and treatments.  Includes instruction in gene expression; oncogenes and tumor suppressor genes; viral genes and cancer proliferation; regulation of signal transduction; cancer proteins; hormonal and growth factors in cancer cells; tumor promotion, progression, and metastasis; carcinogen receptors and metabolism; carcinogen ecology; immunological targeting; and studies of genetic, chemical, radiologic and other treatment therapies."
26.0912,26,Aerospace Physiology and Medicine.,"A program that focuses on the scientific study of the physiological processes involved in low and high-altitude flight and living in space and related low-pressure and low-gravity environments, including sensorimotor interactions, response mechanisms, and the effects of injury, disease, and disability.  Includes instruction in anatomy, molecular and cellular basis of muscle contraction,  fuel utilization, neurophysiology of motor mechanics, systemic physiological responses (respiration, blood flow, endocrine secretions, and others), fatigue and exhaustion, systemic environmental pathologies, muscle and body training, physiology of specific exercises and activities, physiology of injury, and the effects of disabilities and disease."
26.0913,26,Biomechanics.,"A program of study that focuses on the biological, anatomical, and mechanical structure and function of the mechanical aspects of biological systems. Includes courses in anatomy, physiology, kinesiology, mechanics, measurement and instrumentation, and research methods."
26.1001,26,Pharmacology.,"A program that focuses on the scientific study of drug interactions on biological systems and organisms and the sources, chemical properties, biological effects, and therapeutic uses of drugs.  Includes instruction in pharmacodynamics, pharmacokinetics, toxicology, drug therapeutics, drug action, bodily responses to drug events, biochemical proliferation and differentiation, apoptosis, cell biology, medicinal chemistry, and studies of specific drugs and drug interactions."
26.1002,26,Molecular Pharmacology.,"A program that focuses on the scientific study of the biochemical and biophysical characteristics of drugs at the molecular level and their interaction with, and effects on, biological macromolecules and cellular structures and processes.  Includes instruction in molecular biology and biophysics; pharmacology of signal transduction, transmitters, and protein synthesis and release; receptors, protein interaction and binding; drug discovery and recognition; molecular toxicology; drug design; pharmacodynamics; developmental genetics; and studies of therapeutic strategies."
26.1003,26,Neuropharmacology.,"A program that focuses on the scientific study of drugs that modify the function of the brain and central nervous system, the effects of such drugs on health, disease, perception, motor action, and behavior; and the development of countermeasures and treatment therapies.  Includes instruction in neuroanatomy, neurophysiology, behavioral neuroscience, neurobiochemistry, neuropathology, the mechanisms of brain function, medicinal chemistry, pharmaceutics, and studies of specific drugs and drug therapies."
26.1004,26,Toxicology.,"A program that focuses on the scientific study of poisons and other biohazards; their interactions with organisms and their food and respiratory systems; and their prevention, management, and counteraction.  Includes instruction in toxicological biochemistry, toxic agents and transporters, toxin fate, toxicokinetics and metabolism, toxin classification, molecular toxic mechanisms, extracellular matrices and cell function, bacterial pathogenesis and mutagenesis, pathophysiology and apoptosis, cell stress and injury, studies of specific toxins, and studies of specific organ systems and physiological functions in relation to toxicological problems."
26.1005,26,Molecular Toxicology.,"A program that focuses on the scientific study of the genetic determinants of susceptibility to external pollutants and poisons; the interaction of toxic agents with biological systems at the molecular and cellular levels; and the development of countermeasures and treatments.  Includes instruction in pharmacogenetics, biomolecular structure, gene expression and regulation, transgenic modeling, toxic events signaling, transcriptional activation, mutagenesis and carcinogenesis, pulmonary toxicology, xenobiotic metabolism, oxidative stress, risk assessment, molecular dosimetry, and studies of specific toxins and treatment therapies."
26.1006,26,Environmental Toxicology.,"A program that focuses on the scientific study of the health effects associated with exposure to toxic chemicals and systems occurring in the natural, work, and living environments; the management of environmental toxins and toxicity; and the development of protections for humans, animals, and plants.  Includes instruction in applied ecology; microbiology; toxin transport, fate, and degradation; dermal toxicology; reproductive and genetic toxicology; atmospheric and environmental chemistry; metals toxicology; environmental mutagens and biotransformation; nutrient interaction; chemical sensitivity, disorders, and disease; risk assessment; animal waste management; environmental health; and hazardous materials management."
26.1007,26,Pharmacology and Toxicology.,"A program with an integrated, combined approach to the study of pharmacological and toxicological issues in biology and the biomedical sciences.  Includes instruction in topics such as solvents, xenobiotic metabolism, chemical toxicity, neurotoxicology, immunopharmacology, biotransformation, tissue culture and in vitro studies, biomolecular analysis, bioactivation and inactivation, enzyme regulation, chemoprevention and chemotherapy, industrial  and chemical studies, radiation health, and bioinformatics."
26.1101,26,Biometry/Biometrics.,"A program that focuses on the application of statistics and other computational methods to the study of problems in the biological sciences and related fields in agriculture and natural resources.  Includes instruction in computational biology, mathematical statistics, matrix algebra, applied calculus, experimental design, linear modeling, sampling theory, stochastic processes, spatial and temporal analysis, longitudinal analysis, sparse/unbalanced data and complex error, and applications to such topics as population genetics, animal breeding, forest genetics, population dynamics, wildlife biometry, ecology, and agricultural and natural resource management."
26.1102,26,Biostatistics.,"A program that focuses on the application of descriptive and inferential statistics to biomedical research and clinical, public health, and industrial issues related to human populations.  Includes instruction in mathematical statistics, modeling, clinical trials methodology, disease and survival analysis, longitudinal analysis, missing data analysis, spatial analysis, computer tomography, biostatistics consulting, and applications to such topics as genetics, oncology, pharmacokinetics, physiology, neurobiology, and biophysics."
26.1103,26,Bioinformatics.,"A program that focuses on the application of computer-based technologies and services to biological, biomedical, and biotechnology research.  Includes instruction in algorithms, network architecture, principles of software design, human interface design, usability studies, search strategies, database management and data mining, digital image processing, computer graphics and animation, CAD, computer programming, and applications to experimental design and analysis and to specific quantitative, modeling, and analytical studies in the various biological specializations."
26.1104,26,Computational Biology.,"A program that focuses on computational theoretical approaches to understanding biological systems, including computational models of biological processes, computational management of large-scale projects, database development and data-algorithm development, and high-performance computing, as well as statistical and mathematical analyses."
26.1201,26,Biotechnology.,"A program that focuses on the application of the biological sciences, biochemistry, and genetics to the preparation of new and enhanced agricultural, environmental, clinical, and industrial products, including the commercial exploitation of microbes, plants, and animals.  Includes instruction in bioinformatics, gene identification, phylogenetics and comparative genomics, bioinorganic chemistry, immunoassaying, DNA sequencing, xenotransplantation, genetic engineering, industrial microbiology, drug and biologic development, enzyme-based production processes, patent law, biotechnology management and marketing, applicable regulations, and biotechnology ethics."
26.1301,26,Ecology.,"A program that focuses on the scientific study of the relationships and interactions of small-scale biological systems, such as organisms, to each other, to complex and whole systems, and to the physical and other non-biological aspects of their environments.  Includes instruction in biogeochemistry; landscape and/or marine/aquatic dynamics; decomposition; global and regional elemental budgets; biotic and abiotic regulation of nutrient cycles; ecophysiology; ecosystem resilience, disturbance, and succession; community and habitat dynamics; organismal interactions (co-evolution, competition, predation); paleoecology; and evolutionary ecology."
26.1302,26,Marine Biology and Biological Oceanography.,"A program that focuses on the scientific study of the ecology and behavior of microbes, plants, and animals inhabiting oceans, coastal waters, and saltwater wetlands and their interactions with the physical environment.  Includes instruction in chemical, physical, and geological oceanography; molecular, cellular, and biochemical studies; marine microbiology; marine botany; ichthyology; mammalogy; marine population dynamics and biodiversity; reproductive biology; studies of specific species, phyla, habitats, and ecosystems; marine paleocology and palentology; and applications to fields such as fisheries science and biotechnology."
26.1303,26,Evolutionary Biology.,"A program that focuses on the scientific study of the genetic, developmental, functional, and morphological patterns and processes, and theoretical principles; and the emergence and mutation of organisms over time.  Includes instruction in molecular and morphological systematics; genetics and development; evolutionary transformation; paleobiology and paleontology; morphogenesis; mutation; locomotor, biomechanical and craniodental form and function; evolutionary theory; and systematic biology."
26.1304,26,Aquatic Biology/Limnology.,"A program that focuses on the scientific study of the ecology and behavior of microbes, plants, and animals inhabiting inland fresh waters such as lakes, ponds, rivers, creeks, estuaries, and wetlands.  Includes instruction in geology and hydrology; aquatic ecosystems; microbiology; mycology; botany; ichthyology; mammalogy; population biology and biodiversity; studies of specific species, phyla, and habitats; and applications to fields such as natural resources conservation, fisheries science, and biotechnology."
26.1305,26,Environmental Biology.,"A program that focuses on the scientific study of the origins, functions, relationships, interactions, and natural history of living populations, communities, species, and ecosystems in relation to dynamic environmental processes.  Includes instruction in biodiversity, molecular genetic and genomic evolution, mesoscale ecology, computational biology and modeling, conservation biology, local and global environmental change, and restoration ecology."
26.1306,26,Population Biology.,"A program that focuses on the scientific study of the natural history, life cycle behavior, and ecosystem dynamics of single species and multi-species communities, and the patterns and causes of diversity within and among such populations.  Includes instruction in biostatistics, population dynamics, population and quantitative genetics, RNA and DNA sequences, genomics, evolutionary ecology, natural adaptation and hybridization, geographic differentiation, life history and life cycle studies, and animal and plant demography."
26.1307,26,Conservation Biology.,"A program that focuses on the application of the biological sciences to the specific problems of biodiversity, species preservation, ecological sustainability, and habitat fragmentation in the face of advancing human social, economic, and industrial pressures.  Includes instruction in ecology, environmental science, biological systems, extinction theory, human-animal and human-plant interaction, ecosystem science and management, wetland conservation, field biology, forest and wildlife biology, and natural history."
26.1308,26,Systematic Biology/Biological Systematics.,"A program that focuses on the theoretical and empirical study of the principles and processes underlying the origin and maintenance of biological taxonomic diversity; related biogeographical and evolutionary patterns; and studies of the origin, diversification, distribution, and extinction of species and lineages.  Includes instruction in phylogenetic analysis, structural development and molecular evolution, classification and taxonomic theory, biological nomenclature, taxonomic assignment, evolutionary theory, biological surveys and inventories, computer modeling, and database building."
26.1309,26,Epidemiology.,"A program that focuses on the scientific study of disease, disability, and trauma patterns within and across populations and the development of health management mechanisms to prevent and control disease outbreaks and injurious behaviors.  Includes instruction in biostatistics, biochemistry, molecular biology, immunology, disease and injury determinants, genetic disease and disability factors, behavioral studies, health services research, environmental disease and injury factors, and population studies."
26.1310,26,Ecology and Evolutionary Biology.,"A program that focuses on the scientific study of the relationships and interactions across levels of biological organization--genes and genomes, organisms, species, and ecosystems--and how these change over time, including the origins and history of species, the processes by which biodiversity has evolved, and the ecological context in which this evolution takes place. Includes instruction in animal, plant, population, functional, evolutionary, and ecosystem ecology; ecological and evolutionary genetics; molecular evolution; population and conservation biology; animal and plant diversity; biometry; and scientific and research ethics."
26.1311,26,Epidemiology and Biostatistics.,"A program with a general synthesis of epidemiology and biostatistics or a specialization which draws from epidemiology and biostatistics. Includes instruction in biostatistics, disease and injury determinants, epidemiology, health services research, pathology, spatial analysis, and statistics."
26.1401,26,Molecular Medicine.,"A program that focuses on the scientific study of the molecular and cellular basis of disease, and the application of this knowledge to the development of new clinical and diagnostic tools, medications, and therapies. Includes instruction in cell biology, molecular biology, physiology, pharmacology, biochemistry, genetics, pathology, molecular immunology, research and quantitative methods, and biomedical research computing."
26.1501,26,Neuroscience.,"A program that focuses on the interdisciplinary scientific study of the molecular, structural, physiologic, cognitive, and behavioral aspects of the brain and nervous system.  Includes instruction in molecular and cellular neuroscience, brain science, anatomy and physiology of the central nervous system, molecular and biochemical bases of information processing, behavioral neuroscience, biology of neuropsychiatric disorders, and applications to the clinical sciences and biomedical engineering."
26.1502,26,Neuroanatomy.,"A program that focuses on the scientific study of the structure of the central and peripheral nervous system in vertebrates or the nervous system of invertebrates. Includes instruction in cellular and circuit anatomy, mapping of neuronal pathways, anatomical distribution and mapping of neuronal signaling molecules and their receptors, and the anatomical basis of central nervous system diseases and disorders."
26.1503,26,Neurobiology and Anatomy.,"A program that focuses on the scientific study of the structure and function of the central and peripheral nervous system in vertebrates and invertebrates. Includes instruction in molecular and cellular studies of neuronal and glial cells and circuits, neural transmitters and receptors, neuronal signaling processes, membrane and synapse structure and communication, autonomic function, nervous system circuitry and mapping, and anatomical and functional basis of central nervous system diseases and disorders."
26.1504,26,Neurobiology and Behavior.,"A program that focuses on the scientific study of the structure and function of the central and peripheral nervous system in vertebrates and invertebrates as it relates to control of behavior. Includes instruction in neuronal systems and circuits, higher level studies of behavior and cognition, computational neurobiology, and behavioral manifestations of central nervous system diseases and disorders."
29.0201,29,"Intelligence, General.","A program that focuses on the principles and techniques of intelligence acquisition, analysis and exploitation.  Includes instruction in intelligence organizations, the intelligence cycle, intelligence operations planning, intelligence analysis and reporting, intelligence methods, electronic and signals intelligence, operations and communications security, human intelligence management, intelligence chain of command, information exploitation and psychological warfare, and the relationship to national security policy and strategy."
29.0202,29,Strategic Intelligence.,"A program that focuses on the management, analysis and use of national-level, theatre-level, and international intelligence and related policy issues.  Includes instruction in intelligence organization and management, strategic uses of intelligence, management of intelligence systems and assets, command and control, joint intelligence operations, electronic and signals intelligence, threat assessment and estimation, intelligence analysis and reporting, counterintelligence, and studies of specific regions and situations."
29.0203,29,Signal/Geospatial Intelligence.,"A program that focuses on the theory, technology and operational aspects of collecting, processing and exploiting remote-sensed, radar, acoustic and other forms of signals intelligence.  Includes instruction in applied physics, wave propagation and capture, radar systems, acoustics and underwater systems, infrared systems, synthetic aperture systems, collection and processing systems, signal phenomenology, signal analysis and exploitation, and applications to specific intelligence problems."
29.0204,29,"Command & Control (C3, C4I) Systems and Operations.","A program that focuses on the theory, technology and operational use of information and decision systems in support of battlefield, theatre, and global strategic operations.  Includes instruction in applied mathematics and statistics, computer systems, real-time analysis and decision systems, surveillance and navigation systems, information and communications technology, information security, situational awareness, system integration, joint operations and applications to specific command problems and services."
29.0205,29,Information Operations/Joint Information Operations.,"A program that focuses on the strategic and operational use of information relative to the support of military and strategic policy and objectives.  Includes instruction in information technology, decision theory and applications, military operations, command and control technology, network operations, network systems integration, computer network defense, space communications technology, and applications to specific military operational tasks."
29.0206,29,Information/Psychological Warfare and Military Media Relations.,"A program that focuses on the support of military and strategic operations and policy via the use of information as a tool of statecraft and warfighting.  Includes instruction in information technology and systems, information security, command and control, satellite communications, global information dissemination, communications and media management, intelligence, psychological warfare, strategic planning, security policy and doctrine, and applications to specific operations, services, and scenarios."
29.0207,29,Cyber/Electronic Operations and Warfare.,"A program that focuses on the technological and operation aspects of information warfare, including cyber attack and cyber defense.  Includes instruction in computer and network security, cryptography, computer forensics, systems security engineering, software applications, threat and vulnerability assessment, wireless networks and satellite communications, tactical and strategic planning, legal and ethical issues, and cyber warfare systems development and acquisition."
29.0301,29,Combat Systems Engineering.,"A program that focuses on the application of systems engineering and system architecture to the design and construction of modern combat systems and their integration with each other, with host platforms and with other forces into network-centric warfighting systems.  Includes instruction in systems engineering, computer programming, chemical systems, biological systems, material systems, human factors, combat environments, sensor systems, threat and system risk assessment, conventional and unconventional weapons, combat simulation, reliability and maintenance, testing, engineering project management, strategic planning and applications to aerospace, ground, and naval combat systems."
29.0302,29,Directed Energy Systems.,"A program that focuses on the study of lasers and other directed energy phenomena and their application to the creation of energy beam weapons systems.  Includes instruction in photonics, electro-optics, microwave phenomena, laser chemistry, spectroscopy, chemical lasers, fibre lasers, imaging and optics, laser propagation and control, laser communication, infrared remote sensing, modeling and simulation, and related technologies."
29.0303,29,Engineering Acoustics.,"A program that focuses on the application of acoustics and signals processing to undersea and antisubmarine warfare.  Includes instruction in acoustics; electrical engineering; the generation, propagation and reception of underwater sound waves; military applications of underwater sound; and acoustic signal processing."
29.0304,29,Low-Observables and Stealth Technology.,"A program that focuses on the application of electromagnetic field theory, electro-optics and materials science to the reduction of radar, optical and acoustic signatures of weapons systems.  Includes instruction in computational electromagnetics, electro-optics, acoustics, guided wave theory, radiation capture, antenna applications in layered environments, material characterization, radar cross-section analysis, sonar signature analysis, non-destructive testing, remote sensing, and applications to specific weapons systems and operational environments."
29.0305,29,Space Systems Operations.,"A program that focuses on the design, development, and operation of missiles, satellites and other space-based systems for military purposes.  Includes instruction in the military applications of space, space technology, aerospace engineering, systems architecture, orbital mechanics, launch and retrieval systems, ground support systems, satellite communications, and space-based sensor systems."
29.0306,29,Operational Oceanography.,"A program that focuses on the study of physical oceanography as applied to the naval tactical and strategic environment and the support of military operations.  Includes instruction in atmospheric thermodynamics and radiation propagation, air-ocean fluid dynamics, ocean waves, nearshore environments and processes, ocean acoustics, ocean analysis, tactical oceanography, prediction, and related quantitative and experimental methods."
29.0307,29,Undersea Warfare.,"A program that focuses on the principles, engineering design and military concepts that govern the operational employment of underwater sensors and weapons systems.  Includes instruction in acoustics, electrical, and mechanical engineering; mathematics; meteorology; oceanography; physics; operations analysis; human factors; computer science; and robotics."
29.0401,29,Aerospace Ground Equipment Technology.,"A program that focuses on the principles, technology, and maintenance of ground-based systems and equipments used to support aviation flight operations and space operations.  Includes instruction in computer science, electronics, basic sciences and quantitative methods, air conditioning and refrigeration, corrosion control, fluid power, hazardous materials, industrial safety, maintenance management, vehicle and equipment operation, and applications to specific ground support systems."
29.0402,29,Air and Space Operations Technology.,"A program that focuses on the principles, technology and maintenance of systems and equipment used in aerospace operations.  Includes instruction in astronomy and astronautics, solid state theory, air and space operations, electronics, computer science, aviation and space flight safety, life support systems, flight operations management systems, programming, propulsion systems, weaponry, maintenance management and applications to specific systems and operations."
29.0403,29,Aircraft Armament Systems Technology.,"A program that focuses on the principles, technology and maintenance of aircraft weapons systems and associated peripherals.  Includes instruction in basic science and quantitative methods, computer science, electronics, engineering graphics, fluid power, heavy equipment operation, armament systems, weapon materials and processes, weapon safety, corrosion control, aircraft systems maintenance, and maintenance management."
29.0404,29,Explosive Ordinance/Bomb Disposal.,"A program that focuses on the identification, containment, analysis and neutralization of explosive devices.  Includes instruction in nuclear science, computer science, ordinance and bomb systems, electronics, computer science, industrial radiography, non-destructive testing, equipment operation, inventory management, investigative techniques, forensics, schematic interpretation, safety procedures, site containment and emergency medicine."
29.0405,29,"Joint Command/Task Force (C3, C4I) Systems.","A program that focuses on the principles, technology and operational use of command and control (C3, C4I) systems as applied to joint and combined military operations involving unified commands.  Includes instruction in information technology, communications systems, network systems and architecture, systems engineering, C3 and C4I doctrine and policy, C3 and C4I systems management, intelligence, operational and strategic planning, interagency operations, operational security and deception."
29.0406,29,Military Information Systems Technology.,"A program that focuses on the principles, design and application of computer and networking technology to the military environment. Includes instruction in planning; program development; graphical user interfaces; rapid prototyping; program construction; data types, operations; control flow; arrays; records; file I/O; database access; event-driven OOP structures; and enabling global-networked communications, including databases, systems analysis and design, decision support systems, and network security."
29.0407,29,Missile and Space Systems Technology.,"A program that focuses on the principles, technology and maintenance of rocket systems, guided missiles, and space vehicles as well as related systems.  Includes instruction in engineering mechanics, engineering graphics, materials and processes, electronics, propellant and guidance systems, control systems, fluid power, nuclear and conventional weapons systems, hazardous materials, non-destructive inspection and testing, quality assurance, safety procedures and maintenance management."
29.0408,29,Munitions Systems/Ordinance Technology.,"A program that focuses on the principles, technology and maintenance of ground or sea-based weapons systems, ordinance and munitions.  Includes instruction in basic sciences, electronics, systems technology, fluid power, computer science, conventional weapons systems, nuclear weapons systems, munitions systems, storage and safety, equipment operation, guidance and control systems, hazardous materials, corrosion control, nondestructive testing and quality control, and maintenance management."
29.0409,29,Radar Communications and Systems Technology.,"A program that focuses on the principles, technology and maintenance of air, sea and ground-based radar systems.  Includes instruction in electronic principles and digital techniques, transistors and solid-state component theory, radar systems; maintenance technology, data processing systems, wiring and circuit schematics, maintenance management, safety procedures, and applications to specific systems and services."
29.0601,29,Military Technology and Applied Sciences Management.,"A program that focuses on applied military science, military operations, intelligence gathering, military technology, and national security. Includes instruction in computer science, engineering, ethics, field training, leadership, military strategy, logistics, management skills, and politics."
30.0001,30,Comprehensive Transition and Postsecondary (CTP) Program.,"A comprehensive transition and postsecondary (CTP) program that provides students with intellectual disabilities with academic enrichment, socialization, independent living skills, self-advocacy skills, and integrated work experiences and career skills that lead to gainful employment."
30.0101,30,Biological and Physical Sciences.,"A program that is either a general synthesis of one or more of the biological and physical sciences, or a specialization which draws from the biological and physical sciences."
30.0501,30,Peace Studies and Conflict Resolution.,"A program that focuses on the origins, resolution and prevention of international and inter-group conflicts. Includes instruction in peace research methods and related social scientific and psychological knowledge bases."
30.0601,30,Systems Science and Theory.,"A program with a multidisciplinary approach to the analysis and solution of complex problems, requiring a combined approach using data and models from the natural, social, technological, behavioral and life sciences, and other specialized fields."
30.0801,30,Mathematics and Computer Science.,A program with a general synthesis of mathematics and computer science or a specialization which draws from mathematics and computer science.
30.1001,30,Biopsychology.,"A program that focuses on biological and psychological linkages, especially the linkages between biochemical and biophysical activity and the functioning of the central nervous system."
30.1101,30,Gerontology.,"A program that focuses on the human aging process and aged human populations, using the knowledge and methodologies of the social sciences, psychology and the biological and health sciences."
30.1201,30,"Historic Preservation and Conservation, General.","A program that focuses on the design and implementation of plans to restore and maintain historic buildings, districts, and landscapes in a way that balances conservation and preservation with commercial and development interests. Includes instruction in architectural history, building conservation, cultural resource management, economics, historical documentation and preservation, land-use and zoning codes, public policy, public relations, real estate law, and taxation."
30.1202,30,Cultural Resource Management and Policy Analysis.,"A program that focuses on the application of cultural studies, public policy analysis, and management skills to planning, promoting, and implementing programs to preserve and protect cultural heritage sites and artifacts.  Includes instruction in historical preservation and conservation, business management, policy analysis, applied economics, public relations, applied history, historical archaeology, and environmental impact studies."
30.1301,30,Medieval and Renaissance Studies.,"A program that focuses on the  study of the Medieval and/or Renaissance periods in European and circum-Mediterranean history from the perspective of various disciplines in the humanities and social sciences, including history and archeology, as well as studies of period art and music."
30.1401,30,Museology/Museum Studies.,"A program that focuses on the attitudes, knowledge, and skills required to develop, prepare, organize, administer, conserve, store and retrieve artifacts, exhibits and entire collections in museums and galleries, and that prepares individuals to assume curatorial, technical and managerial positions in museums.  Includes instruction in institutional management, acquisition, exhibit design, conservation, packing techniques, and public relations."
30.1501,30,"Science, Technology and Society.","A program that focuses on the contemporary social and public policy ramifications of science and technology, the interrelationship of science and engineering with the public policy process, and the social and ethical dimensions of scientific and technological enterprises."
30.1601,30,Accounting and Computer Science.,A program that combines accounting with computer science and/or computer studies.
30.1701,30,Behavioral Sciences.,"A program with a combined or undifferentiated focus on the social sciences, psychology, and biomedical sciences to study complex problems of human individual and social growth and behavior."
30.1801,30,Natural Sciences.,A program with a combined or undifferentiated focus on one or more of the physical and biological sciences.
30.1901,30,Nutrition Sciences.,"A scientific program that focuses on the utilization of food for human growth and metabolism, in both normal and dysfunctional states, from the interdisciplinary perspective of the agricultural, human, biological, and biomedical sciences.  Includes instruction in food science, biochemistry, physiology, dietetics, food and nutrition studies, biotechnology, biophysics, and the clinical sciences."
30.2001,30,International/Globalization Studies.,"A program that focuses on global and international issues from the perspective of the social sciences, social services, and related fields."
30.2101,30,Holocaust and Related Studies.,"A program that focuses on genocide in human history with particular reference to Twentieth Century genocides such as that of the Ottoman Armenians during World War I and the Nazi Holocaust during World War II.  Programs also focus on topics such as survivor studies and counseling, war crimes research and prevention, reconciliation and compensation, ethical and spiritual issues, holocaust art and literature, and legacy and effect in relation to subsequent generations."
30.2201,30,Ancient Studies/Civilization.,"A program that focuses on Western and Non-Western cultures and related topics in the periods of Pre-history and Antiquity.  Includes such disciplines as ancient languages, archeology, history, art history, geography, population studies, environmental studies, religious studies, and the social sciences."
30.2202,30,"Classical, Ancient Mediterranean, and Near Eastern Studies and Archaeology.","A program that focuses on the study of the classical ancient civilizations of the ancient Near East, Europe, and the Mediterranean Sea, such as Athens, Anatolia, Egypt, Greece, Israel, Mesopotamia, North Africa, and Rome. Includes instruction in ancient languages, ancient history, archaeology, anthropology, Greek and Roman mythology, philosophy, and religion."
30.2301,30,Intercultural/Multicultural and Diversity Studies.,"A program that focuses on the dynamic social relations between and among majority and minority groups and different minority groups, and ways to promote mutual tolerance, inter-group cooperation, and the leadership and management of diverse groups and diversity issues in family, educational, recreational, and work settings.  Includes instruction in ethnic and cultural studies, group psychology, sociology, anthropology, conflict resolution, human services and resources, and applications to various functional environments."
30.2501,30,"Cognitive Science, General.","A program that focuses on the study of the mind and the nature of intelligence from the interdisciplinary perspectives of computer science, philosophy, mathematics, psychology, neuroscience, and other disciplines.  Includes instruction in mathematics and logic, cognitive process modeling, dynamic systems, learning theories, brain and cognition, neural networking, programming, and applications to topics such as language acquisition, computer systems, and perception and behavior."
30.2502,30,Contemplative Studies/Inquiry.,"A program that focuses on the philosophical, psychological, and scientific bases of human contemplative experience. Includes instruction in cognitive science, meditation, mindfulness, neuroscience, philosophy, psychology, and religion."
30.2601,30,Cultural Studies/Critical Theory and Analysis.,"An interdisciplinary program that focuses on the analysis and critique of culture in its varied forms, including values, ideas, belief systems, and expressive acts, and the relationship between cultural forms, everyday life, and structures of power.  Includes instruction in anthropology, communications, history, literary studies, philosophy, political economy, and sociology, as well as recent theories and methodologies such as semiotics, deconstruction, postcolonial studies, gender theory, and ethnography."
30.2701,30,Human Biology.,"An interdisciplinary program that focuses on understanding the human being from the biological, social science, and humanities perspectives and that addresses contemporary issues related to biology and society, such as global health and disease, environmental policy, bioethics, and biotechnology."
30.2801,30,Dispute Resolution.,"A program that provides individuals with skills in negotiation, mediation, and arbitration, that can be applied to resolve disputes in a variety of settings, including business, legal, domestic, and labor relations."
30.2901,30,Maritime Studies.,"A program that focuses on the history, science, policy issues, and literature of the ocean. Includes instruction in maritime history, maritime law, maritime literature, oceanography, maritime security, and maritime politics."
30.3001,30,Computational Science.,"A program that focuses on the study of scientific computing and its application.  Includes instruction in scientific visualization, multi-scale analysis, grid generation, data analysis, applied mathematics, numerical algorithms, high performance parallel computing, and numerical modeling and simulation with applications in science, engineering and other disciplines in which computation plays an integral role."
30.3101,30,Human Computer Interaction.,"An interdisciplinary program that focuses on the study of the interaction between people and technology and how that technology impacts society, and combines disciplines within the fields of computing and information science (information systems, software engineering, artificial intelligence and design), engineering, and the behavior sciences (cognitive science, cognitive psychology, sociology, organizational psychology, and social psychology).  Includes instruction in information technology, cognitive and behavioral sciences, and systems design."
30.3201,30,Marine Sciences.,"A program that focuses on the study of biology, chemistry, geology and physics applied to marine, estuarine and coastal environments.  Includes instruction in marine biogeochemistry, atmosphere and ocean dynamics, coastal ecology, coastal ocean processes, microbial ecology, marine ecosystem modeling, and polar microbiology."
30.3301,30,Sustainability Studies.,"A program that focuses on the concept of sustainability from an interdisciplinary perspective. Includes instruction in sustainable development, environmental policies, ethics, ecology, landscape architecture, city and regional planning, economics, natural resources, sociology, and anthropology."
30.3401,30,Anthrozoology.,"A program of study that combines anthropology and zoology in order to examine the relationship between animals and humans. Includes instruction in animal behavior and communication, animal welfare, animal conservation, animal training, animal-assisted therapy techniques, biology, ethics, and education."
30.3501,30,Climate Science.,"A program that focuses on the scientific study of the climate system of the earth with emphasis on the physical, dynamical, and chemical interactions of the atmosphere, ocean, land, ice, and the terrestrial and marine biospheres. Includes instruction in biology, chemistry, climate analysis, climate change adaptation/mitigation, climate policy, ecology, energy development, environmental impacts, marine chemistry, meteorology, and oceanography."
30.3601,30,Cultural Studies and Comparative Literature.,"A program with a general synthesis of cultural studies and comparative literature or a specialization which draws from cultural studies and comparative literature. Includes instruction in anthropology, comparative linguistics, cultural studies, history, literary criticism, literary studies, philosophy, political economy, sociology, and textual studies."
30.3701,30,Design for Human Health.,"A program that focuses on the impact of design and architecture on the health of individuals and larger populations, and how to create settings that promote health, healing, and well-being. Includes instruction in architecture, interior design, human health services, communication studies, medical and clinical innovations, behavioral and engineering sciences, hospitals and health systems, and environmental conditions that influence health."
30.3801,30,Earth Systems Science.,"A program that focuses on the interaction of the Earth's oceanographic, atmospheric, and terrestrial systems. Includes instruction in biogeochemistry, climate dynamics, geographical information science (GIS), geophysics, hydrology, landscape ecology, meteorology, and satellite remote sensing analysis."
30.3901,30,Economics and Computer Science.,"A program of study that focuses on the theoretical and practical connections between computer science and economics. Includes instruction in data analysis, database design, data mining, computer algorithms, economics, econometrics, computer programing, mathematics, and statistics."
30.4001,30,Economics and Foreign Language/Literature.,"A program with a general synthesis of economics and the language and literature of one or more countries or regions or a specialization which draws from economics and the language and literature of one or more countries or regions. Includes instruction in comparative economic systems, econometrics, economic theory, money and banking systems, international economics, international trade, linguistics, philology, and translation."
30.4101,30,Environmental Geosciences.,"A program that focuses on the scientific study of the environmental implications of geological processes and human activities on Earth. Includes instruction in environmental/natural resource management, geographic information systems (GIS), geology, hydrology, regulatory agency compliance, hazard identification and mitigation, environmental law, environmental policy, and sustainability studies."
30.4201,30,Geoarcheaology.,"A program that focuses on the application of analytical techniques, concepts, and field methods from the earth sciences to solve archaeological questions related to human settlement, artifacts, site taphonomy, and paleoenvironments. Includes instruction in anthropology, ancient civilizations, archeology, geology, paleoclimatic reconstruction, sedimentology, and site taphonomic research."
30.4301,30,Geobiology.,"A program that focuses on the scientific study of how living things interact with geological systems. Includes instruction in evolution of Earth systems, geochemistry, geology, geomicrobiology, marine chemistry, paleobiology, paleoecology, paleontology, and petrology."
30.4401,30,Geography and Environmental Studies.,"A program that focuses on interactions between people and the natural and built environments. Includes instruction in climate science, sustainability, environmental science and policy, research methods, geographic information systems (GIS), human geography, physical geography, remote sensing, and public policy."
30.4501,30,History and Language/Literature.,"A program with a general synthesis of history and the language and literature of one or more countries or regions or a specialization which draws from history and the language and literature of one or more countries or regions. Includes instruction in historiography; historical research methods; linguistics; literature, philology; and studies of specific periods, issues and cultures."
30.4601,30,History and Political Science.,"A program with a general synthesis of history and political science or a specialization which draws from history and political science. Includes instruction in comparative government and politics, historiography, historical research methods, political science, political theory, records administration, and systematic study of political institutions and behavior."
30.4701,30,Linguistics and Anthropology.,"A program that focuses on the study of the anthropological, historical, and sociological context of language with a particular emphasis on language use and its role in shaping cultural and social diversity. Includes instruction in applied linguistics, data management, field methods, language heritage, socialization, structure, linguistic analysis, linguistic theory, and multilingualism."
30.4801,30,Linguistics and Computer Science.,"A program that focuses on the relationship between computer and human language and computational techniques applied to natural language. Includes instruction in computer programming, human languages, linguistic analysis, logic, natural language processing, semantics, machine learning, psycholinguistics, software engineering, and syntax."
30.4901,30,Mathematical Economics.,"A program that focuses on the application of mathematical methods to the development of economic theory, models, and quantitative analysis. Includes instruction in data analysis, applied business economics, calculus, econometrics, linear algebra, microeconomic theory, probability, and statistical methods."
30.5001,30,Mathematics and Atmospheric/Oceanic Science.,"A program that focuses on the application of mathematics to atmospheric and oceanic problems. Includes instruction in chemistry, physics, atmospheric/ocean dynamics, climatology, weather simulation, climate modeling, mathematics, oceanography, and atmospheric science."
30.5101,30,"Philosophy, Politics, and Economics.","A program that focuses on philosophical foundations, political institutions, collective behavior, economic theory, and economic influences. Includes instruction in econometrics, logic, metaphysics, moral responsibility, philosophy of language, philosophy of perception, philosophy through history, reasoning and persuasion, and social epistemology."
30.5201,30,"Digital Humanities and Textual Studies, General.","A program that focuses on digital textual editing, archiving, and publishing, and on the study of new media and computing platforms from the perspectives of the humanities and computer science. Includes instruction in archiving, computer programming, cultural studies, and textual criticism."
30.5202,30,Digital Humanities.,"A program that focuses on the use of new technologies, advanced computing, and public engagement to investigate and analyze questions in the humanities. Includes instruction in anthropology, art, data mining and machine learning, design, digital archives, geospatial technologies, history, human-computer interface design, literature, markup languages, social media technologies, and software development."
30.5203,30,Textual Studies.,"A program that focuses on the interconnected histories of digital or print texts and manuscripts for cultural and literary study. Includes instruction in archiving texts, bibliography, book and literary history, cultural studies, codicology, paleography, stemmatology, and textual criticism."
30.5301,30,Thanatology.,"A program of study that focuses on the biological, philosophical, psychological, sociological, and theological aspects of death, dying, and bereavement. Includes instruction in counseling, ethics, grief, palliative and hospice care, philosophy, thanatology, and theology."
30.7001,30,"Data Science, General.","A program that focuses on the analysis of large scale data sources from the interdisciplinary perspectives of applied statistics, computer science, data storage, data representation, data modeling, mathematics, and statistics. Includes instruction in computer algorithms, computer programming, data management, data mining, information policy, information retrieval, mathematical modeling, quantitative analysis, statistics, trend spotting, and visual analytics."
30.7101,30,"Data Analytics, General.","A program that prepares individuals to apply data science to generate insights from data and identify and predict trends. Includes instruction in computer databases, computer programming, inference, machine learning, optimization, probability and stochastic models, statistics, strategy, uncertainty quantification, and visual analytics."
30.7102,30,Business Analytics.,"A program that prepares individuals to apply data science to solve business challenges. Includes instruction in machine learning, optimization methods, computer algorithms, probability and stochastic models, information economics, logistics, strategy, consumer behavior, marketing, and visual analytics."
30.7103,30,Data Visualization.,"A program that prepares individuals to organize and derive meaning from data by using visual presentation tools and techniques. Includes instruction in cognitive science, computer programming, data management, data visualization theory, graphic design, infographics, perceptual psychology, statistics, and visual design."
30.7104,30,Financial Analytics.,"A program that focuses on financial big data modeling from algorithms to cloud-based data-driven financial technologies. Includes instruction in financial analytics, financial data processing, knowledge management, data visualization, effective decision communication, machine learning for finance, statistical inference and dynamic modeling on financial data, and project management."
40.0101,40,"Physical Sciences, General.","A program that focuses on the major topics, concepts, processes, and interrelationships of physical phenomena as studied in any combination of physical science disciplines."
40.0201,40,Astronomy.,"A general program that focuses on the planetary, galactic, and stellar phenomena occurring in outer space.  Includes instruction in celestial mechanics, cosmology, stellar physics, galactic evolution, quasars, stellar distribution and motion, interstellar medium, atomic and molecular constituents of astronomical phenomena, planetary science, solar system evolution, and specific methodologies such as optical astronomy, radioastronomy, and theoretical astronomy."
40.0202,40,Astrophysics.,"A program that focuses on the theoretical and observational study of the structure, properties, and behavior of stars, star systems and clusters, stellar life cycles, and related phenomena.  Includes instruction in cosmology, plasma kinetics, stellar physics, convolution and non-equilibrium radiation transfer theory, non-Euclidean geometries, mathematical modeling, galactic structure theory, and relativistic astronomy."
40.0203,40,Planetary Astronomy and Science.,"A program that focuses on the scientific study of planets, small objects, and related gravitational systems.  Includes instruction in the structure and composition of planetary surfaces and interiors, planetary atmospheres, satellites, orbital mechanics, asteroids and comets, solar system evolution and dynamics, planetary evolution, gravitational physics, and radiation physics."
40.0401,40,"Atmospheric Sciences and Meteorology, General.","A general program that focuses on the scientific study of the composition and behavior of the atmospheric envelopes surrounding the earth, the effect of earth's atmosphere on terrestrial weather, and related problems of environment and climate.  Includes instruction in atmospheric chemistry and physics, atmospheric dynamics, climatology and climate change, weather simulation, weather forecasting, climate modeling and mathematical theory; and studies of specific phenomena such as clouds, weather systems, storms, and precipitation patterns."
40.0402,40,Atmospheric Chemistry and Climatology.,"A program that focuses on the scientific study of atmospheric constituents, reactions, measurement techniques, and processes in predictive, current, and historical contexts.  Includes instruction in climate modeling, gases and aerosols, trace gases, aqueous phase chemistry, sinks, transport mechanisms, computer measurement, climate variability, paleoclimatology, climate diagnosis, numerical modeling and data analysis, ionization, recombination, photoemission, and plasma chemistry."
40.0403,40,Atmospheric Physics and Dynamics.,"A program that focuses on the scientific study of the processes governing the interactions, movement, and behavior of atmospheric phenomena and related terrestrial and solar phenomena.  Includes instruction in cloud and precipitation physics, solar radiation transfer, active and passive remote sensing, atmospheric electricity and acoustics, atmospheric wave phenomena, turbulence and boundary layers, solar wind, geomagnetic storms, coupling, natural plasma, and energization."
40.0404,40,Meteorology.,"A program that focuses on the scientific study of the prediction of atmospheric motion and climate change.  Includes instruction in general circulation patterns, weather phenomena, atmospheric predictability, parameterization, numerical and statistical analysis, large- and mesoscale phenomena, kinematic structures, precipitation processes, and forecasting techniques."
40.0501,40,"Chemistry, General.","A general program that focuses on the scientific study of the composition and behavior of matter, including its micro- and macro-structure, the processes of chemical change, and the theoretical description and laboratory simulation of these phenomena."
40.0502,40,Analytical Chemistry.,"A program that focuses on the scientific study of techniques for analyzing and describing matter, including its precise composition and the interrelationships of constituent elements and compounds.  Includes instruction in spectroscopy, chromatography, atomic absorption, photometry, chemical modeling, mathematical analysis, laboratory analysis procedures and equipment maintenance, and applications to specific research, industrial and health problems."
40.0503,40,Inorganic Chemistry.,"A program that focuses on the scientific study of the elements and their compounds, other than the hydrocarbons and their derivatives.  Includes instruction in the characterization and synthesis of non-carbon molecules, including their structure and their bonding, conductivity, and reactive properties; research techniques such as spectroscopy, X-ray diffraction, and photoelectron analysis; and the study of specific compounds, such as transition metals, and compounds composed of inorganic and organic molecules."
40.0504,40,Organic Chemistry.,"A program that focuses on the scientific study of the properties and behavior of hydrocarbon compounds and their derivatives. Includes instruction in molecular conversion and synthesis, molecular synthesis and design, the molecular structure of living cells and systems, the mutual reactivity of organic and inorganic compounds in combination, the spectroscopic analysis of hydrocarbon compounds, and applications to specific problems in research, industry, and health."
40.0506,40,Physical Chemistry.,"A program that focuses on the scientific study of understanding and predicting the behavior of chemical systems ranging from nuclear particles to atoms, molecules, clusters, biological materials and macroscopic assemblies.  Includes instruction in quantum mechanics, spectroscopy, thermodynamics, statistical mechanics, reaction dynamics, group theory, collision theory, and polymer science."
40.0507,40,Polymer Chemistry.,"A program that focuses on the scientific study of synthesized macromolecules and their interactions with other substances.  Includes instruction in molecular bonding theory, polymerization, properties and behavior of unstable compounds, the development of tailored polymers, transition phenomena, and applications to specific industrial problems and technologies."
40.0508,40,Chemical Physics.,"A program that focuses on the scientific study of structural phenomena combining the disciplines of physical chemistry and atomic/molecular physics. Includes instruction in heterogeneous structures, alignment and surface phenomena, quantum theory, mathematical physics, statistical and classical mechanics, chemical kinetics, and laser physics."
40.0509,40,Environmental Chemistry.,"A program that focuses on the scientific study of natural systems (air, water, and soil) through the use of chemical techniques and instrumentation, with an emphasis on the movement and fate of pollutants and chemical aspects of contaminant remediation. Includes instruction in analytical, inorganic, organic, and physical chemistry; aquatic, soil, and atmospheric chemistry; environmental engineering; environmental toxicology; and analytical methods."
40.0510,40,Forensic Chemistry.,"A program that focuses on the application of chemical techniques and instrumentation to the analysis and evaluation of physical evidence to aid in criminal investigations. Includes instruction in analytical, inorganic, organic, and physical chemistry; biochemistry; forensic toxicology; instrumental analysis; crime scene processing; criminal investigation; forensic laboratory technology; and applicable law."
40.0511,40,Theoretical Chemistry.,"A program that focuses on the study of mathematical and computational methods and fundamental laws of physics to describe chemical phenomena and to develop empirical models of molecules and their interactions. Includes instruction in properties of small, isolated molecules; dynamics of elementary chemical processes; reaction pathways of organic molecules; hydrogen bonding patterns in liquids; reaction rates of biological pathways; and advanced computational techniques."
40.0512,40,Cheminformatics/Chemistry Informatics.,"A program that focuses on applying computer science approaches in the representation, analysis, design, and modeling of chemical structures and associated metadata, such as biological activity endpoints and physicochemical properties. Includes instruction in chemical information technology, computational chemistry, computer science, database design, molecular modeling, scientific computing, and statistics."
40.0601,40,"Geology/Earth Science, General.","A program that focuses on the scientific study of the earth; the forces acting upon it; and the behavior of the solids, liquids and gases comprising it.  Includes instruction in historical geology, geomorphology, and sedimentology, the chemistry of rocks and soils, stratigraphy, mineralogy, petrology, geostatistics, volcanology, glaciology, geophysical principles, and applications to research and industrial problems."
40.0602,40,Geochemistry.,"A program that focuses on the scientific study of the chemical properties and behavior of the silicates and other substances forming, and formed by geomorphological processes of the earth and other planets.  Includes instruction in chemical thermodynamics, equilibrium in silicate systems, atomic bonding, isotopic fractionation, geochemical modeling, specimen analysis, and studies of specific organic and inorganic substances."
40.0603,40,Geophysics and Seismology.,"A program that focuses on the scientific study of the physics of solids and its application to the study of the earth and other planets.  Includes instruction in gravimetric, seismology, earthquake forecasting, magnetrometry, electrical properties of solid bodies, plate tectonics, active deformation, thermodynamics, remote sensing, geodesy, and laboratory simulations of geological processes."
40.0604,40,Paleontology.,"A program that focuses on the scientific study of extinct life forms and associated fossil remains, and the reconstruction and analysis of ancient life forms, ecosystems, and geologic processes. Includes instruction in sedimentation and fossilization processes, fossil chemistry, evolutionary biology, paleoecology, paleoclimatology, trace fossils, micropaleontology, invertebrate paleontology, vertebrate paleontology, paleobotany, field research methods, and laboratory research and conservation methods."
40.0605,40,Hydrology and Water Resources Science.,"A program that focuses on the scientific study of the occurrence, circulation, distribution, chemical and physical properties, and environmental interaction of surface and subsurface waters, including groundwater.  Includes instruction in geophysics, thermodynamics, fluid mechanics, chemical physics, geomorphology, mathematical modeling, hydrologic analysis, continental water processes, global water balance, and environmental science."
40.0606,40,Geochemistry and Petrology.,"A program that focuses on the scientific study of the igneous, metamorphic, and hydrothermal processes within the earth and the mineral, fluid, rock, and ore deposits resulting from them.  Includes instruction in mineralogy, crystallography, petrology, volcanology, economic geology, meteoritics, geochemical reactions, deposition, compound transformation, core studies, theoretical geochemistry, computer applications, and laboratory studies."
40.0607,40,"Oceanography, Chemical and Physical.","A program that focuses on the scientific study of the chemical components, mechanisms, structure, and movement of ocean waters and their interaction with terrestrial and atmospheric phenomena.  Includes instruction in material inputs and outputs, chemical and biochemical transformations in marine systems, equilibria studies, inorganic and organic ocean chemistry, oceanographic processes, sediment transport, zone processes, circulation, mixing, tidal movements, wave properties, and seawater properties."
40.0801,40,"Physics, General.","A general program that focuses on the scientific study of matter and energy, and the formulation and testing of the laws governing the behavior of the matter-energy continuum.  Includes instruction in classical and modern physics, electricity and magnetism, thermodynamics, mechanics, wave properties, nuclear processes, relativity and quantum theory, quantitative methods, and laboratory methods."
40.0802,40,Atomic/Molecular Physics.,"A program that focuses on the scientific study of the behavior of matter-energy phenomena at the level of atoms and molecules. Includes instruction in chemical physics, atomic forces and structure, molecular orbital theory, magnetic resonance, molecular bonding, phase equilibria, quantum theory of solids, and applications to the study of specific elements and higher compounds."
40.0804,40,Elementary Particle Physics.,"A program that focuses on the scientific study of the basic constituents of sub-atomic matter and energy, and the forces governing fundamental processes.  Includes instruction in quantum theory, field theory, single-particle systems, perturbation and scattering theory, matter-radiation interaction, symmetry, quarks, capture, Schroedinger mechanics, methods for detecting particle emission and absorption, and research equipment operation and maintenance."
40.0805,40,Plasma and High-Temperature Physics.,"A program that focuses on the scientific study of properties and behavior of matter at high temperatures, such that molecular and atomic structures are in a disassociated ionic or electronic state.  Includes instruction in magnetohydrodynamics, free electron phenomena, fusion theory, electromagnetic fields and dynamics, plasma and non-linear wave theory, instability theory, plasma shock phenomena, quantitative modeling, and research equipment operation and maintenance."
40.0806,40,Nuclear Physics.,"A program that focuses on the scientific study of the properties and behavior of atomic nuclei.  Includes instruction in nuclear reaction theory, quantum mechanics, energy conservation, nuclear fission and fusion, strong and weak forces, nuclear modeling, nuclear decay, nucleon scattering, pairing, photon and electron reactions, the physics of nuclear effects, statistical methods, and research equipment operation and maintenance."
40.0807,40,Optics/Optical Sciences.,"A program that focuses on the scientific study of light energy, including its structure, properties and behavior under different conditions.  Includes instruction in wave theory, wave mechanics, electromagnetic theory, physical optics, geometric optics, quantum theory of light, photon detecting, laser theory, wall and beam properties, chaotic light, non-linear optics, harmonic generation, optical systems theory, and applications to engineering problems."
40.0808,40,Condensed Matter and Materials Physics.,"A program that focuses on the scientific study of macroscopic physical phenomena and properties that arise from basic microscopic interactions.  Includes instruction in low-temperature and solid-state physics, x-ray physics, liquids and soft materials, including the study of semiconductors, metals, superliquids, magnets, superconductors, glasses, gels, polymers, colloids, neural networks, and macromolecules."
40.0809,40,Acoustics.,"A program that focuses on the scientific study of sound, and the properties and behavior of acoustic wave phenomena under different conditions.  Includes instruction in wave theory, the acoustic wave equation, energy transformation, vibration phenomena, sound reflection and transmission, scattering and surface wave phenomena, singularity expansion theory, ducting, and applications to specific research problems such as underwater acoustics, crystallography, and health diagnostics."
40.0810,40,Theoretical and Mathematical Physics.,"A program that focuses on the scientific and mathematical formulation and evaluation of the physical laws governing, and models describing, matter-energy phenomena, and the analysis of related experimental designs and results.  Includes instruction in classical and quantum theory, relativity theory, field theory, mathematics of infinite series, vector and coordinate analysis, wave and particle theory, advanced applied calculus and geometry, analyses of continuum, cosmology, and statistical theory and analysis."
40.1001,40,Materials Science.,"A program that focuses on the general application of mathematical and scientific principles to the analysis and evaluation of the characteristics and behavior of solids, including internal structure, chemical properties, transport and energy flow properties, thermodynamics of solids, stress and failure factors, chemical transformation states and processes, compound materials, and research on industrial applications of specific materials."
40.1002,40,Materials Chemistry.,"A program that focuses on the synthesis and study of organic or inorganic materials and their electronic, magnetic, optical or mechanical properties. Includes instruction in advanced materials for photonics, lasers, chemical sensors and arrays or nanochemistry; semiconductor nanowires; and molecular electronics."
40.1101,40,Physics and Astronomy.,"A program that focuses on the scientific study of the theories that explain the fundamental structure of our world and the universe and which draws from physics and astronomy. Includes instruction in astronomy, calculus, cosmology, differential equations, electricity, magnetism, data analysis, physics, quantum mechanics, space science, spectroscopy, and thermal physics."
42.0101,42,"Psychology, General.","A general program that focuses on the scientific study of individual and collective behavior, the physical and environmental bases of behavior, and the analysis and treatment of behavior problems and disorders.  Includes instruction in the principles of the various subfields of psychology, research methods, and psychological assessment and testing methods."
42.2701,42,Cognitive Psychology and Psycholinguistics.,"A program that focuses on the scientific study of the mechanisms and processes of learning and thinking, and associated information encoding, decoding, processing and transmitting systems.  Includes instruction in theories of cognition and intelligence; studies of cognitive processes such as memory, sensation, perception, pattern recognition, problem solving, and conceptual thinking; cybernetics; psycholinguistics; and the study of biological and social communications mechanisms and processes."
42.2702,42,Comparative Psychology.,"A program that focuses on the behavior of members of particular species or groups and the relationship of the behaviors of the species or group to their evolutionary origins.  Includes instruction in differential psychology, experimental and physiological psychology, psychopharmacology, psychology of individual differences, reinforcement theory, and neurophysiology."
42.2703,42,Developmental and Child Psychology.,"A program that focuses on the scientific study of the unique stages of psychological growth and development of individuals from infancy through childhood. Includes instruction in cognitive and perceptual development, emotional development, personality development, the effects of biological maturation on behavior, theories of cognitive growth and related research methods, testing and assessment methods for different age levels, research on child and adolescent behavior therapy, and the psychology of aging."
42.2704,42,Experimental Psychology.,"A program that focuses on the scientific study of behavior under experimental conditions and the analysis of controlled behavioral responses.  Includes instruction in learning theory, research design and experimental methods, psychological measurement, statistical design and methods, analysis of cognitive and behavioral variables, and the conduct of specialized and large-scale studies."
42.2705,42,Personality Psychology.,"A program that focuses on the unique organization of fairly permanent characteristics that set the individual apart from other individuals and, at the same time, determine how others respond to that individual.   Includes instruction in Freudian, Skinnerian, Rogerian, and Ellisonian psychology; neo-Freudian psychology; psychological systems, neurophysiology, and psychopharmacology."
42.2706,42,Behavioral Neuroscience.,"A program that focuses on the scientific study of the biological bases of behavior and psychological functioning, and their application to experimental and therapeutic research problems.  Includes instruction in functional neuroanatomy, neural system development, biochemical neural regulatory mechanisms, neurological biophysics, memory storage and retrieval, physiology of cognition and perception, physiological bases of psychopathology and behavioral disorders, psychopharmacology, comparative psychobiology, molecular and cellular neuroscience, brain science, anatomy and physiology of the central nervous system, and specialized experimental design and research methods."
42.2707,42,Social Psychology.,"A program that focuses on the scientific study of individual behavior in group contexts, group behavior, and associated phenomena.  Includes instruction in social learning theory, group theory and dynamics, sex roles, social cognition and inference, attribution theory, attitude formation, criminal behavior and other social pathologies, altruistic behavior, social development, and social ecology."
42.2708,42,Psychometrics and Quantitative Psychology.,A program that focuses on the mathematical and statistical procedures used in psychological test construction and validation; the general problems of the measurement of behavior; and the application of quantitative methods to research design and other methodological topics.
42.2709,42,Psychopharmacology.,"A program that focuses on the study of the behavioral effects of medications, drugs, nutrients, and chemicals (including natural and artificial toxins) in laboratory and clinical settings.  Includes instruction in pharmacology, behavioral toxicology and pharmacology, neuroscience, physiology, clinical psychopharmacology, substance abuse treatments and antidotes, neurochemical mechanisms, epidemiology of chemicals and substances, biochemical interactions, and psychoactive drugs."
42.2710,42,Developmental and Adolescent Psychology.,"A program that focuses on the scientific study of the unique stages of psychological growth and development of individuals from adolescence to adulthood. Includes instruction in cognitive and perceptual development, emotional development, personality development, the effects of biological maturation on behavior, theories of cognitive growth and related research methods, testing and assessment methods for different age levels, research on child and adolescent behavior therapy, and the psychology of aging."
42.2801,42,Clinical Psychology.,"A program that prepares individuals for the independent professional practice of clinical psychology, involving the analysis, diagnosis, and clinical treatment of psychological disorders and behavioral pathologies.  Includes instruction in clinical assessment and diagnosis, personality appraisal, psychopathology, clinical psychopharmacology, behavior modification, therapeutic intervention skills, patient interviewing, personalized and group therapy, child and adolescent therapy, cognitive and behavioral therapy, supervised clinical practice, ethical standards, and applicable regulations."
42.2802,42,Community Psychology.,"A program that prepares individuals to apply psychological principles to the analysis of social problems, and the implementation of intervention strategies for addressing these problems.  Includes instruction in social ecology, primary and secondary prevention of social pathologies, social intervention strategies and tactics, large group counseling, social services systems behavior, creating settings, cultural stress, and the dynamics of social change."
42.2803,42,Counseling Psychology.,"A program that prepares individuals for the independent professional practice of psychological counseling, involving the rendering of therapeutic services to individuals and groups experiencing psychological problems and exhibiting distress symptoms.  Includes instruction in counseling theory, therapeutic intervention strategies, patient/counselor relationships, testing and assessment methods and procedures, group therapy, marital and family therapy, child and adolescent therapy, supervised counseling practice, ethical standards, and applicable regulations."
42.2804,42,Industrial and Organizational Psychology.,"A program that focuses on the scientific study of individual and group behavior in institutional settings, applications to related problems of organization and industry, and that may prepare individuals to apply such principles in industrial and organizational settings.  Includes instruction in group behavior theory, organizational theory, reward/punishment structures, human-machine and human-computer interactions, motivation dynamics, human stress studies, environmental and organizational influences on behavior, alienation and satisfaction, and job testing and assessment."
42.2805,42,School Psychology.,"A  program that prepares individuals to apply clinical and counseling psychology principles to the diagnosis and treatment of student behavioral problems.  Includes instruction in child and/or adolescent development; learning theory; testing, observation and other procedures for assessing educational, personality, intelligence and motor skill development; therapeutic intervention strategies for students and families; identification and classification of disabilities and disorders affecting learning; school psychological services planning; supervised counseling practice; ethical standards; and applicable regulations."
42.2806,42,Educational Psychology.,"A program that focuses on the application of psychology to the study of the behavior of individuals in the roles of teacher and learner, the nature and effects of learning environments, and the psychological effects of methods, resources, organization and non-school experience on the educational process.  Includes instruction in learning theory, human growth and development, research methods, and psychological evaluation."
42.2807,42,Clinical Child Psychology.,"A program that focuses on the developmental processes of children and associated disorders and that prepares individuals for the independent professional practice of clinical child psychology.  Includes instruction in developmental neuropsychology, child psychopathology, testing of children and adolescents, pediatric psychology, psychosocial variables in child development, clinical skills, family therapy, behavioral assessment and intervention, clinical skills, consultation, professional standards and ethics, and applications to topics such as infancy, childhood, and adolescence."
42.2808,42,Environmental Psychology.,"A program that focuses on the study of behavioral interactions between human beings and the environment in individual and group contexts, and ways to improve them.  Includes instruction in contextual theory; statistics; physiological, social, and psychological responses to natural and technological hazards and disease; environmental perception and cognition; loneliness and stress; and psychological aspects of environmental design and planning."
42.2809,42,Geropsychology.,"A program that focuses on the psychology of aging and of elderly individuals and populations, with reference to growth and decline across the life span.  Includes instruction in gerontology, developmental and adult psychology, age-related development and decline of cognitive processes, age-related psychological and neurological disorders, social and personality development in aging populations and individuals, and applications to the clinical treatment and care of older adults."
42.2810,42,Health/Medical Psychology.,"A program that focuses on the psychological study of health and illness, and recovery,  from the perspective that these phenomena arise from a combination of physical, behavioral, and social conditions.  Includes instruction in abnormal and social psychology, psychophysiology, psychopharmacology, learning processes, clinical and behavioral therapies, biopsychosocial modeling, clinical procedures and assessment, preventive education, psychotherapy, rehabilitation processes, and research methods."
42.2811,42,Family Psychology.,"A program that prepares individuals to provide therapeutic, evaluative, and research services to families and individuals in the family unit context.  Includes instruction in natural and family systems theory, family and group rituals, family evaluation and assessment, marital and couples therapy, sex therapy, parenting, interviewing techniques, genogram construction, family sculpting, diversity issues, family violence, family law, and professional standards and ethics."
42.2812,42,Forensic Psychology.,"A program that prepares individuals to apply clinical, counseling, school, and neuropsychology skills to the provision of psychological services within the criminal justice and civil legal systems, including consultation, assessment, and interventions.  Includes instruction in the epidemiology of mental/behavioral disorders, risk factors for violence and criminality, profiling and patterning, psychological testing, prediction and intervention measurement, forensic assessment, criminal and civil law and procedures, secure environments, forensic treatment and intervention skills, and professional standards and ethics."
42.2813,42,Applied Psychology.,"A program that focuses on the application of psychological theories and methods to real-world settings and problems, such as business and industry, government, education, military, and community settings. Includes instruction in applications of psychology, industrial/organizational psychology, developmental psychology, social psychology, cognitive psychology, counseling, human factors, research methods and statistics, and program evaluation."
42.2814,42,Applied Behavior Analysis.,"A program that focuses on the application of principles of learning and behavior to enhance the development, abilities, and choices of children and adults; and that prepares individuals to address the behavioral needs of individuals, especially those with developmental disabilities and autism. Includes instruction in behavior analysis and learning, behavioral and functional assessment, developmental psychology, applied behavioral analysis in developmental disabilities and autism, applied behavioral analysis in mental health and aging, research methods, evaluation of interventions, and professional and ethical issues."
42.2815,42,Performance and Sport Psychology.,"A program that focuses on the motor, physiological, and psychosocial aspects of sport behavior. Includes instruction in applied sport psychology, clinical mental health counseling, coaching, exercise physiology, ethical performance enhancement; human development, leadership and team building, mind-body practices, neuroscience, and personality and health."
42.2816,42,Somatic Psychology.,"A program that focuses on a holistic approach to solving interpersonal issues and psychological problems. Includes instruction in authentic movement, body-mind balance and integration, contact improvisation, dance, Pilates, Tai Chi, relaxation techniques, and Yoga."
42.2817,42,Transpersonal/Spiritual Psychology.,"A program that prepares individuals to pursue spiritual and psychological practices for counseling. Includes instruction in emotional intelligence, expressive movement, healing practices and rituals, human consciousness, movement and meditation, psychosomatic connection, spiritual systems and wellness, transpersonal counseling, and therapeutic trance."
43.0102,43,Corrections.,"A program that prepares individuals to study the theories and principles, of correctional science and to function as professional corrections officers and other workers in public and/or private incarceration facilities."
43.0103,43,Criminal Justice/Law Enforcement Administration.,"A program that prepares individuals to apply theories and practices of organization management and criminal justice to the administration of public law enforcement agencies and operations.  Includes instruction in law enforcement history and theory, operational command leadership, administration of public police organizations, labor relations, incident response strategies, legal and regulatory responsibilities, budgeting, public relations, and organizational leadership."
43.0104,43,Criminal Justice/Safety Studies.,"A program that focuses on the criminal justice system, its organizational components and processes, and its legal and public policy contexts.  Includes instruction in criminal law and policy, police and correctional systems organization, the administration of justice and the judiciary, and public attitudes regarding criminal justice issues."
43.0107,43,Criminal Justice/Police Science.,"A program that prepares individuals to perform the duties of police and public security officers, including patrol and investigative activities, traffic control, crowd control and public relations, witness interviewing, evidence collection and management, basic crime prevention methods, weapon and equipment operation and maintenance, report preparation and other routine law enforcement responsibilities."
43.0109,43,Security and Loss Prevention Services.,"A program that prepares individuals to perform routine inspection, patrol and crime prevention services for private clients.  Includes instruction in the provision of personal protection as well as property security."
43.0110,43,Juvenile Corrections.,"A program that prepares individuals to specialize in the provision of correction services to underage minor populations.  Includes instruction in corrections, juvenile delinquency, juvenile development and psychology, juvenile law and justice administration, social services, record-keeping procedures, and communication skills."
43.0112,43,Securities Services Administration/Management.,"A program that prepares individuals to plan, manage, and supervise services providing private security protection for people and property and related investigative and consulting functions.  Includes instruction in security and loss prevention services, private security and investigation techniques, security technologies, personnel management, business operations, marketing, applicable law and regulations, and client relations."
43.0113,43,Corrections Administration.,"A program that prepares individuals to plan and manage institutional facilities and programs for housing and rehabilitating prisoners in the public and/or private sectors.  Includes instruction in the principles and practice of correction, facilities planning and management, safety and security, social and health services, staff and inmate management, budgeting, communication skills, correctional psychology, and applications to specific types of correctional facilities approaches."
43.0114,43,Law Enforcement Investigation and Interviewing.,"A program focusing on the principles, procedures, techniques, legal concerns, and problems associated with a criminal investigation.  Includes instruction in administrative law and procedures, courtroom evidence management and preparation, case presentation and court testimony, description and identification, state and federal criminal law and procedures, informant and suspect rights, officer liability, informant and witness management, victim awareness, tactical interviewing, psychology, criminal investigation methods and procedures, report writing and documentation, investigative techniques, and case management."
43.0115,43,Law Enforcement Record-Keeping and Evidence Management.,"A program focusing on the principles and procedures for managing records in police or other security offices, including storing and retrieving evidence and related data.  Includes instruction in administrative law and procedures, office management, report preparation, organizational software, database software, physical and digital evidence properties, controlled storage and retrieval, investigative file inventories, case management, security systems, and communications skills."
43.0119,43,Critical Incident Response/Special Police Operations.,"A program focusing on the principles and techniques for dealing with police emergencies such as hostage situations, bomb threats, barricades and terrorist incidents.  Includes instruction in crisis management, command procedures, incident containment, information collection and debriefing, first responder negotiation, victim and criminal psychology, site survey and surveillance, special weapons and tactics, interagency communications and joint operations, pre-confrontation and contingency planning, assault and rescue operations, security and crowd control, media relations, and post-operation procedures."
43.0120,43,Protective Services Operations.,"A program focusing on the principles and techniques of providing physical security protection to clients in various environments and situations.  Includes instruction in security intelligence and information resources, operations planning and surveying, operations security, weapons and explosives, defense and offense  techniques, security and surveillance systems, communications systems, perimeter and access control, weapons of mass destruction, contingency planning, crowd control, cover and evacuation, combat and vehicle techniques, and applicable legal and administrative responsibilities."
43.0121,43,Suspension and Debarment Investigation.,"A program focusing on the principles and techniques for investigating criminal behavior among government contractors and grantees at different levels.  Includes instruction in financial fraud and money-laundering, auditing, computer investigations, legal concepts and applications, procurement law, non-procurement debarment, jurisdiction and lead agency, analytical methods, suspension, parallel proceedings, evidence protection, equitable considerations, investigative techniques, administrative and global solutions, case management and preparation."
43.0122,43,Maritime Law Enforcement.,"A program focusing on the application of law enforcement and security principles and procedures to the marine environment.  Includes instruction in criminal and nautical law, nautical terminology, seamanship and vessel operation, vessel maintenance, navigation and navigation systems, meteorology, vessel and passenger safety, radar and remote sensing systems, communications systems, vessel pursuit and stop, boarding and arrest techniques, investigative and evidence techniques, weaponry  and applications to specific situations such as piracy, drug trafficking and smuggling."
43.0123,43,Cultural/Archaelogical Resources Protection.,"A program focusing on the application of law enforcement principles and techniques to the protection of cultural resources and the investigation of related crimes.  Includes instruction in cultural resources law, archaeological standards of value, site damage assessment, evidence collection, surveillance techniques, investigative techniques, case management and preparation."
43.0201,43,Fire Prevention and Safety Technology/Technician.,"A program focusing on the application of fire science and technology to problems of reducing fire risk, limiting loss, supervising substance removal, conducting safety inspections and investigations, and advising on matters of safety procedures and fire prevention policy.  Includes instruction in fire behavior, fire simulation, structural risk assessment, materials analysis, detection and suppression systems, smoke management, supply and evacuation, public education, legal aspects of fire prevention, and related research and communications methods."
43.0202,43,Fire Services Administration.,"A program focusing on the principles, theory, and practices associated with the management of fire operations, firefighting services, and community fire issues.  Includes instruction in fire protection history and theory, incident command leadership, administration of public fire organizations, labor relations, emergency medical services management, fire emergency response strategies and mitigation, legal and regulatory responsibilities, budgeting, public relations, and organizational leadership."
43.0203,43,Fire Science/Fire-fighting.,"A program focusing on the theory and practice of fires and fire-fighting.  Includes instruction in fire chemistry and physics, combustible materials, computer science, building construction, fire codes and related laws, fire hydraulics, fire command, fire prevention/inspection, fire protection systems, fire suppression systems, fire/arson investigation, occupational safety, equipment operation, emergency medicine and communications."
43.0204,43,Fire Systems Technology.,"A program focusing on the principles and practice of firefighting systems, building construction and related resources as applied to fire prevention, control, and mitigation.  Includes instruction in fire hydraulics and dynamics, fire protection structures and systems design, fire behavior and combustion, fire protection hydraulics and water supply, fire protection equipment and systems, building construction for fire protection, and fire apparatus."
43.0205,43,Fire/Arson Investigation and Prevention.,"A program focusing on the theory and principles of fire combustion and behavior applied to the analysis of fires and their causes.  Includes instruction in fire behavior and combustion, fire dynamics, hazardous materials chemistry, incendiary fire analysis, fire-related human behavior, forensic procedures, investigative techniques, case management and case preparation."
43.0206,43,Wildland/Forest Firefighting and Investigation.,"A program focusing on the application of fire science, firefighting and investigation to the prevention, control and mitigation of wildland fires and the analysis of causes.  Includes instruction in fire science and behavior, wildland environments, meteorology, wildland fire hydraulics and dynamics, water and chemical supply systems, wildland firefighting operations, airborne firefighting, firebreak engineering, communications systems, wildland arson, forensic procedures, wildland fire prevention, investigation techniques, case management and preparation."
43.0301,43,Homeland Security.,"A program focusing on security policy, planning and operations dedicated to the protection of U.S. territory, assets, infrastructure, institutions and citizens from external threats.  Includes instruction in national security policy, government relations, intelligence, law enforcement, security technology, communications and information technology, homeland security planning and operations, disaster planning and applications to specific threat scenarios."
43.0302,43,Crisis/Emergency/Disaster Management.,"A program focusing on the application of the incident command system model to formulating and implementing effective response to natural and man-made disasters.  Includes instruction in contingency planning, hazard and risk assessment, joint operations, law and ethics, emergency response and recovery, event mitigation, emergency rescue and medical operations, incident command, terrorism and national security issues, law enforcement, relief administration, volunteer and citizen coordination, public relations and applications to specific types of incidents."
43.0303,43,Critical Infrastructure Protection.,"A program focusing on the design, planning and management of systems and procedures for protecting critical national physical and cyber infrastructure from external threats, including terrorism.  Includes instruction in homeland security policy, critical infrastructure policy, information security, matrix vulnerability assessment, threat assessment, physical security, personnel security, operational security, contingency planning, case analyses of specific industries and systems, redundancy planning, emergency and disaster planning, security systems, and intelligence operations."
43.0304,43,Terrorism and Counterterrorism Operations.,"A program focusing on the study of terrorism as a global and national threat and the methods for analyzing and countering it.  Includes instruction in psychology, cultural studies, terrorist history and organization, terrorist capabilities, terrorist finance and international money-laundering, threat assessment, intelligence operations, incident command systems, border security, emergency response, joint operations, surveillance and communications systems, cyberterrorism, weapons of mass destruction, counterterrorist operations, and applications to specific terrorist organizations and threats."
43.0401,43,"Security Science and Technology, General.",A program of study that focuses on the general application of science and technology to security.
43.0402,43,Criminalistics and Criminal Science.,"A program that focuses on the application of clinical and criminal laboratory science, investigative techniques, and criminology to the reconstruction of crimes and the analysis of physical evidence. Includes instruction in laboratory science, laboratory procedures, criminology and police science, evidentiary testing and analysis, computer applications, record-keeping, reconstruction techniques, evidence handling and storage, and applications to specific types of evidence and crimes."
43.0403,43,Cyber/Computer Forensics and Counterterrorism.,"A program focusing on the principles and techniques used to identify, search, seize and analyze digital media and to conduct cyber investigations against criminal and terrorist activity.  Includes instruction in computer boot processes and drives, jumper setting, file access and reconstruction, hacking, network systems, cryptography, programming, investigative techniques, forensic imagery, web-based investigation methods, cyberterrorism, and applicable laws and administrative procedures."
43.0404,43,Cybersecurity Defense Strategy/Policy.,"A program that focuses on the study of strategy, policy, and standards regarding the security of and operations in cyberspace. Includes instruction in incident response, information assurance, recovery policies, vulnerability reduction, deterrence, threat reduction, and resiliency."
43.0405,43,Financial Forensics and Fraud Investigation.,"A program focusing on the principles and techniques of conducting investigations into financial crime, terrorist activity, and the analysis and use of accounting data as evidence.  Includes instruction in the principles of accounting, investigative auditing, computer investigations,  accounting system documents and software, business corruption, criminal and terrorist financial networks, international money markets and movement, net worth analysis, financial fraud, exposing concealed assets, records seizure, fraud and money laundering statutes, fraud case initiation, case management, and case presentation."
43.0406,43,Forensic Science and Technology.,"A program that focuses on the application of the physical, biomedical, and social sciences to the analysis and evaluation of physical evidence, human testimony and criminal suspects. Includes instruction in forensic medicine, forensic dentistry, anthropology, psychology, entomology, pathology, forensic laboratory technology and autopsy procedures, DNA and blood pattern analysis, crime scene analysis, crime scene photography, fingerprint technology, document analysis, witness and suspect examination procedures, applicable law and regulations, and professional standards and ethics."
43.0407,43,Geospatial Intelligence.,"A program that prepares individuals to analyze security and intelligence problems using a geographic perspective by relating human actions to cultural, political, economic, social, and physical landscapes. Includes instruction in aerial photography analysis, cartography, geographic information systems (GIS), physical geography, remote sensing, spatial programming, and quantitative methods in geographic research."
43.0408,43,Law Enforcement Intelligence Analysis.,"A program focusing on the preparation of law enforcement personnel to perform intelligence and surveillance operations and to analyze and use data collected via such operations.  Includes instruction in the intelligence cycle, information sources, data retrieval, digital investigation, financial investigations, document analysis, external sources, geographic information systems, link analysis, operation planning and security, case management, applicable law and regulations, and case preparation."
45.0101,45,"Social Sciences, General.","A program that focuses on the general study of human social behavior and social institutions using any of the methodologies common to the social sciences and/or history, or an undifferentiated program of study in the social sciences."
45.0102,45,Research Methodology and Quantitative Methods.,"A program that focuses on the design of research studies, measurement of variables, data analysis, and formulation of models.  Includes instruction in experimental, quasi-experimental, and case study methods; historical research; participant observation; questionnaire design; sampling theory; and statistical methods."
45.0103,45,Survey Research/Methodology.,"A program that focuses on survey research design to gather data about behaviors, demographics, opinions, and data analysis to answer complex questions. Includes instruction in the analysis of survey data, cross-cultural and multi-population survey methodology, data collection methods, modes of survey analysis, quantitative analysis, questionnaire design, research design, sampling, survey error, and structural equation modeling."
45.0201,45,"Anthropology, General.","A program that focuses on the systematic study of human beings, their antecedents and related primates, and their cultural behavior and institutions, in comparative perspective.  Includes instruction in biological/physical anthropology, primatology, human paleontology and prehistoric archeology, hominid evolution, anthropological linguistics, ethnography, ethnology, ethnohistory, socio-cultural anthropology, psychological anthropology, research methods, and applications to areas such as medicine, forensic pathology, museum studies, and international affairs."
45.0202,45,Physical and Biological Anthropology.,"A program that focuses on the application of the biological sciences and anthropology to the study of the adaptations, variability, and the evolution of human beings and their living and fossil relatives.  Includes instructions in anthropology, human and mammalian anatomy, cell biology, paleontology, human culture and behavior, neuroscience, forensic anthropology, anatomical reconstruction, comparative anatomy, and laboratory science and methods."
45.0203,45,Medical Anthropology.,"A program that focuses on biological, socio-cultural, psychological, and behavioral factors as they relate to health, illness, medical practices, and access to health care services. Includes instruction in ethno-medicine, urban health, international health, psychiatric and psychological anthropology, aging, and health and identity."
45.0204,45,Cultural Anthropology.,"A program that focuses on the study of culture and the relationship of culture to other aspects of social life. Includes instruction in cultural anthropology, anthropological theory, enthnography, linguistics, and quantitative and qualitative research methods."
45.0205,45,Forensic Anthropology.,"A program that focuses on the application of the biological sciences and skeletal anthropology in medicolegal death investigations. Includes instruction in biological anthropology theory, crime scene investigation, forensic anthropology field methods, forensic anthropological techniques and procedures, human anatomy, methods of human identification, mortuary archaeology, osteology, and taphonomy."
45.0301,45,Archeology.,"A program that focuses on the systematic study of extinct societies, and the past of living societies, via the excavation, analysis and interpretation of their artifactual, human, and associated remains.  Includes instruction in archeological theory, field methods, dating methods, conservation and museum studies, cultural and physical evolution, and the study of specific selected past cultures."
45.0401,45,Criminology.,"A program that focuses on the systematic study of crime as a sociopathological phenomenon, the behavior of criminals, and the social institutions evolved to respond to crime.  Includes instruction in the theory of crime, psychological and social bases of criminal behavior, social value systems and the theory of punishment, criminal law and criminal justice systems, penology, rehabilitation and recidivism, studies of specific types of crime, social attitudes and policy, and applications to specific issues in law enforcement administration and policy."
45.0501,45,Demography and Population Studies.,"A program that focuses on the systematic study of population models and population phenomena, and related problems of social structure and behavior.  Includes instruction in population growth, spatial distribution, mortality and fertility factors, migration, dynamic population modeling, population estimation and projection, mathematical and statistical analysis of population data, population policy studies, and applications to problems in economics and government planning."
45.0502,45,Applied Demography.,"A program of study that focuses on the practical application of demographic methods and materials for decision-making in business, education, health, and government. Includes instruction in statistics, research methods, geographic information systems, and demographic methods and techniques."
45.0601,45,"Economics, General.","A general program that focuses on the systematic study of the production, conservation and allocation of resources in conditions of scarcity, together with the organizational frameworks related to these processes.  Includes instruction in economic theory, micro- and macroeconomics, comparative economic systems, money and banking systems, international economics, quantitative analytical methods, and applications to specific industries and public policy issues."
45.0602,45,Applied Economics.,"A program that focuses on the application of economic principles and analytical techniques to the study of particular industries, activities, or the exploitation of particular resources.  Includes instruction in economic theory; microeconomic analysis and modeling of specific industries, commodities; the economic consequences of resource allocation decisions; regulatory and consumer factors; and the technical aspects of specific subjects as they relate to economic analysis."
45.0603,45,Econometrics and Quantitative Economics.,"A program that focuses on the systematic study of mathematical and statistical analysis of economic phenomena and problems.  Includes instruction in economic statistics, optimization theory, cost/benefit analysis, price theory, economic modeling, and economic forecasting and evaluation."
45.0604,45,Development Economics and International Development.,"A program that focuses on the systematic study of the economic development process and its application to the problems of specific countries and regions.  Includes instruction in economic development theory, industrialization, land reform, infrastructural development, investment policy, the role of governments and business in development, international development organizations, and the study of social, health, and environmental influences on economic development."
45.0605,45,International Economics.,"A program that focuses on the systematic study and analysis of international commercial behavior and trade policy.  Includes instruction in international trade theory, tariffs and quotas, commercial policy, trade factor flows, international finance and investment, currency regulation and trade exchange rates and markets, international trade negotiation, and international payments and accounting policy."
45.0701,45,Geography.,"A program that focuses on the systematic study of the spatial distribution and interrelationships of people, natural resources, plant and animal life.  Includes instruction in historical and political geography, cultural geography, economic and physical geography, regional science, cartographic methods, remote sensing, spatial analysis, and applications to areas such as land-use planning, development studies, and analyses of specific countries, regions, and resources."
45.0702,45,Geographic Information Science and Cartography.,"A program that focuses on the systematic study of map-making and the application of mathematical, computer, and other techniques to the analysis of large amounts of geographic data and the science of mapping geographic information. Includes instruction in cartographic theory and map projections, computer-assisted cartography, geographic information systems, map design and layout, photogrammetry, air photo interpretation, remote sensing, spatial analysis, geodesy, cartographic editing, and applications to specific industrial, commercial, research, and governmental mapping problems."
45.0901,45,International Relations and Affairs.,"A program that focuses on the systematic study of international politics and institutions, and the conduct of diplomacy and foreign policy. Includes instruction in international relations theory, foreign policy analysis, international law and organization, the comparative study of specific countries and regions, and the theory and practice of diplomacy."
45.0902,45,National Security Policy Studies.,"A program that focuses on the theory and application of intelligence, diplomacy, military power, and related tools of statecraft to national defense policy formulation and power projection.  Includes instruction in history, political theory, public policy analysis, civil-military relations, military and defense studies, homeland security, leadership, threat scenarios, regional and local issues, alliance and coalition issues, defense budgeting and economics, intelligence, and strategy."
45.1001,45,"Political Science and Government, General.","A  general program that focuses on the systematic study of political institutions and behavior.  Includes instruction in political philosophy, political theory, comparative government and politics, political parties and interest groups, public opinion, political research methods, studies of the government and politics of specific countries, and studies of specific political institutions and processes."
45.1002,45,American Government and Politics (United States).,"A program that focuses on the systematic study of United States political institutions and behavior.  Includes instruction in American political theory, political parties and interest groups, state and local governments, Constitutional law, federalism and national institutions, executive and legislative politics, judicial politics, popular attitudes and media influences, political research methods, and applications to the study of specific issues and institutions."
45.1003,45,Canadian Government and Politics.,"A program that focuses on the systematic study of Canadian political institutions and behavior.  Includes instruction in British and North American political theory, political parties and interest groups, provincial and local governments, Constitutional law, federalism and national institutions, executive and legislative politics, judicial politics, popular attitudes and media influences, political research methods, and applications to the study of specific issues and institutions."
45.1004,45,Political Economy.,"A program that focuses on the interaction between politics and economics in the formation of public policy.  Includes instruction in microeconomics; macroeconomics; political theory; American, comparative, and international political economy; and quantitative methods."
45.1101,45,"Sociology, General.","A program that focuses on the systematic study of human social institutions and social relationships.  Includes instruction in social theory, sociological research methods, social organization and structure, social stratification and hierarchies, dynamics of social change, family structures, social deviance and control, and applications to the study of specific social groups, social institutions, and social problems."
45.1102,45,Applied/Public Sociology.,"A program that focuses on the application of sociological theory, methods, skills, and research to resolve particular issues in real-world settings. Includes instruction in data collection, group and organizational dynamics, participatory action research, program evaluation, sociological research methods, and sociological theory."
45.1103,45,Rural Sociology.,"A program that focuses on the structure and function of rural societies. Includes instruction in sociological theory, research methods, statistics, sociology of agriculture, community development, social and economic development, demography, rural poverty, gender roles in rural societies, and environmental sociology."
45.1201,45,Urban Studies/Affairs.,"A program that focuses on the application of social science principles to the study of urban institutions and the forces influencing urban social and political life.  Includes instruction in urban theory, the development and evolution of urban areas, urban sociology, principles of urban and social planning, and the politics and economics of urban government and services."
45.1301,45,Sociology and Anthropology.,"A program that combines sociology and anthropology to study how society is organized, the origins and development of social institutions, social change, social organizations, race, class, gender and culture."
45.1501,45,Geography and Anthropology.,"A program that focuses on human cultures and their adaptation to physical environments. Includes instruction in archaeology, biogeography, climatology, cultural anthropology, cultural geography, economic development, environmental geography, geomorphology, global environmental change, historical geography, mapping sciences, physical anthropology, political ecology, Quaternary studies, and urban geography."
46.0101,46,Mason/Masonry.,"A program that prepares individuals to apply technical knowledge and skills in the laying and/or setting of exterior brick, concrete block, hard tile, marble and related materials, using trowels, levels, hammers, chisels, and other hand tools. Includes instruction in technical mathematics, blueprint reading, structural masonry, decorative masonry, foundations, reinforcement, mortar preparation, cutting and finishing, and applicable codes and standards."
46.0201,46,Carpentry/Carpenter.,"A program that prepares individuals to apply technical knowledge and skills to lay out, cut, fabricate, erect, install, and repair wooden structures and fixtures, using hand and power tools.  Includes instruction in technical mathematics, framing, construction materials and selection, job estimating, blueprint reading, foundations and roughing-in, finish carpentry techniques, and applicable codes and standards."
46.0301,46,"Electrical and Power Transmission Installation/Installer, General.","A program that generally prepares individuals to apply technical knowledge and skills to install indoor and outdoor residential, commercial, and industrial electrical systems, and associated power transmission lines.  Includes instruction in electricity, safety procedures, wiring, insulation and grounding, schematic blueprint interpretation, equipment operation and maintenance, and applicable codes and standards."
46.0302,46,Electrician.,"A program that prepares individuals to apply technical knowledge and skills to install, operate, maintain, and repair electric apparatus and systems such as residential, commercial, and industrial electric-power wiring; and DC and AC motors, controls, and electrical distribution panels.  Includes instruction in the principles of electronics and electrical systems, wiring, power transmission, safety, industrial and household appliances, job estimation, electrical testing and inspection, and applicable codes and standards."
46.0303,46,Lineworker.,"A program that prepares individuals to apply technical knowledge and skills to install, operate, maintain and repair local, long-distance, and rural electric power cables and communication lines; erect and construct pole and tower lines; and install underground lines and cables.  Includes instruction in cable installation and repair, fibre-optic technology, trenching, mobile equipment and crane operation, high-voltage installations, maintenance and inspection, safety, remote communications, and applicable codes and standards."
46.0401,46,Building/Property Maintenance.,"A program that prepares individuals to apply technical knowledge and skills to keep a building functioning, and to service a variety of structures including commercial and industrial buildings and mobile homes. Includes instruction in the basic maintenance and repair skills required to service  building systems, such as air conditioning, heating, plumbing, electrical, major appliances, and other mechanical systems."
46.0402,46,Concrete Finishing/Concrete Finisher.,"A program that prepares individuals to prepare, construct, and finish buildings, components, and related structures using compound masonry mixtures of stone, gravel, sand, cement, and water. Includes instruction in site preparation, applied mathematics, mixing formulas and applications, job estimation, concrete design, finishing techniques, mold preparation, reinforcement installation, site safety, and equipment operation and maintenance."
46.0403,46,Building/Home/Construction Inspection/Inspector.,"A program that prepares individuals to apply industrial, labor, and governmental standards and laws to the oversight of construction projects and the maintenance of completed buildings and other structures.  Includes instruction in construction processes and techniques, materials analysis, occupational safety and health, industry standards, building codes and specifications, blueprint interpretation, testing equipment and procedures, communication skills, accident investigation, and documentation."
46.0404,46,Drywall Installation/Drywaller.,"A program that prepares individuals to apply technical knowledge and skills to install, tape, and plaster drywall installations in interior and exterior construction jobs. Includes instruction in drywall handling and transport, cutting and mounting, taping and spackling, finishing, job analysis and estimation, site safety, tool operation and maintenance, blueprint and specification interpretation, and applicable codes and standards."
46.0406,46,Glazier.,"A program that prepares individuals to apply technical knowledge and skills to install and repair fixtures, sheets, windows, and skylights made of glass, plexiglass, and other transparent materials.  Includes instruction in site measurement, job analysis and estimation, material cutting and trimming, window and door installation, site safety, equipment operation and maintenance, specification interpretation, and applicable codes and standards."
46.0408,46,Painting/Painter and Wall Coverer.,"A program that prepares individuals to apply technical knowledge and skills to finish exterior and interior structural surfaces by applying protective or decorative coating materials, such as paint, lacquer, and wallpaper.  Includes instruction in surface preparation; selecting, preparing, and applying paints and other coatings; hanging wallpaper; equipment operation and maintenance; finish selection; safety and clean-up; environmental effects on finishes; adhesion properties; and applicable codes and standards."
46.0410,46,Roofer.,"A program that prepares individuals to apply technical knowledge and skills to prepare, install, and maintain exterior roofing materials and roofs.  Includes instruction in building materials, flashing, lag bolts, site safety, equipment operation and maintenance, layering, site preparation, basic internal structural design, finishing, waterproofing, and applicable codes and standards."
46.0411,46,Metal Building Assembly/Assembler.,"A program that prepares individuals to construct industrial, storage, and commercial metal structures using prefabricated framing and siding components.  Includes instruction in sheet metal working, ironworking, assembly and fastening techniques, blueprint reading, site preparation, structural design principles, safety, and applicable codes and regulations."
46.0412,46,Building/Construction Site Management/Manager.,"A program that prepares individuals to supervise, manage, and inspect construction sites, buildings, and associated facilities.  Includes instruction in site safety, personnel supervision, labor relations, diversity training, construction documentation, scheduling, resource and cost control, bid strategies, rework prevention, construction insurance and bonding, accident management and investigation, applicable law and regulations, and communication skills."
46.0413,46,"Carpet, Floor, and Tile Worker.","A program that prepares individuals to plan, prepare, install, and repair carpet; linoleum; vinyl; ceramic, marble, quarry, mosaic, and terazzo tiles; and wood materials on floors, walls, and stairs. Includes instruction in measuring, cutting, and installing materials; use of hand and power-operated equipment; estimation of material and labor costs; and safety training."
46.0414,46,Insulator.,"A program that prepares individuals to apply insulation materials to pipes, boilers, ducts, refrigeration systems, and related equipment to reduce the passage of heat, cold, sound, or fire. Includes instruction in insulation specifications, measuring and cutting insulating material, applying and securing insulation, installing vapor barriers, insulation system maintenance, asbestos removal and abatement, and safety training."
46.0415,46,Building Construction Technology/Technician.,"A program that prepares individuals to apply technical knowledge and skills to residential and commercial building construction and remodeling. Includes instruction in construction equipment and safety; site preparation and layout; construction estimating; blueprint reading; building codes; framing; masonry; heating, ventilation, and air conditioning; electrical and mechanical systems; interior and exterior finishing; and plumbing."
46.0502,46,Pipefitting/Pipefitter and Sprinkler Fitter.,"A program that prepares individuals to design, install, and test industrial and commercial piping systems and automatic fire and exposure protection systems.  Includes instruction in water systems, steam systems, heating and cooling systems, lubricating systems, piping materials, installation tools operation and maintenance, valve installation and repair, technical mathematics, blueprint interpretation, and applicable codes and standards."
46.0503,46,Plumbing Technology/Plumber.,"A program that prepares individuals to practice as licensed plumbers by applying technical knowledge and skills to lay out, assemble, install, and maintain piping fixtures and systems for steam, natural gas, oil,  hot water, heating, cooling, drainage, lubricating, sprinkling, and industrial processing systems in home and business environments.  Includes instruction in source determination, water distribution, waster removal, pressure adjustment, basic physics, technical mathematics, blueprint reading, pipe installation, pumps, welding and soldering, plumbing inspection, and applicable codes and standards."
46.0504,46,Well Drilling/Driller.,"A program that prepares individuals to apply technical knowledge and skills to set up, maintain, repair, and operate well drilling equipment; locate, drill, construct, and develop water, gas, and oil wells; and test and monitor wells to ensure adequate flow.  Includes applications to home, business, and industrial uses."
46.0505,46,Blasting/Blaster.,"A program that prepares individuals to apply technical knowledge and skills in using a variety of explosive materials to aid in the construction process.  Includes instruction in safety procedures for storing, handling, placement, charge power determination, drilling, pounding, building demolition, preparing rocky surfaces for building foundations and demolition of explosives."
47.0101,47,"Electrical/Electronics Equipment Installation and Repair Technology/Technician, General.","A  program that generally prepares individuals to apply technical knowledge and skills to operate, maintain, and repair electrical and electronic equipment.  Includes instruction in electrical circuitry, simple gearing, linkages and lubrication of machines and appliances, and the use of testing equipment."
47.0102,47,Business Machine Repair.,"A program that prepares individuals to apply technical knowledge and skills to maintain and repair a variety of office machines, such as typewriters, word processing and dictation machines, calculators, data processing equipment, duplicating machines, and mailing machines.  Includes instruction in diagnostic techniques, the use of testing equipment, and the principles of mechanics, electricity, and electronics as they relate to the repair of business machines."
47.0103,47,Communications Systems Installation and Repair Technology/Technician.,"A program that prepares individuals to apply technical knowledge and skills to assemble, install, operate, maintain, and repair one- and two- way communications equipment and systems, including television cable systems and mobile or stationary communication devices.  Includes instruction in diagnostic techniques, the use of testing equipment and the principles of mechanics, electricity, and electronics as they relate to the repair of communications systems."
47.0104,47,Computer Installation and Repair Technology/Technician.,"A program that prepares individuals to apply technical knowledge and skills to assemble, install, operate, maintain, and repair computers and related instruments.  Includes instruction in power supplies, number systems, memory structure, buffers and registers, microprocessor design, peripheral equipment, programming, and networking."
47.0105,47,Industrial Electronics Technology/Technician.,"A program that prepares individuals to apply technical knowledge and skills to assemble, install, operate, maintain, and repair electrical/electronic equipment used in industry and manufacturing.  Includes instruction in installing, maintaining and testing various types of equipment."
47.0106,47,Appliance Installation and Repair Technology/Technician.,"A program that prepares individuals to apply technical knowledge and skills to repair, install, and service major gas, electric, and microwave consumer appliances such as stoves, refrigerators, dryers, water heaters, washers, dishwashers, and commercial units such as ice makers and coffee makers."
47.0110,47,"Security System Installation, Repair, and Inspection Technology/Technician.","A program that prepares individuals to apply technical knowledge and skills to install and repair household, business, and industrial security alarms, sensors, video and sound recording devices, identification systems, protective barriers, and related technologies."
47.0201,47,"Heating, Air Conditioning, Ventilation and Refrigeration Maintenance Technology/Technician.","A program that prepares individuals to apply technical knowledge and skills to repair, install, service and maintain the operating condition of heating, air conditioning, and refrigeration systems.  Includes instruction in diagnostic techniques, the use of testing equipment and the principles of mechanics, electricity, and electronics as they relate to the repair of heating, air conditioning and refrigeration systems."
47.0302,47,Heavy Equipment Maintenance Technology/Technician.,"A program that prepares individuals to apply technical knowledge and skills in the field maintenance and repair of heavy equipment, and in the general maintenance and overhaul of such equipment.  Includes instruction in inspection, maintenance, and repair of tracks, wheels, brakes, operating controls, pneumatic and hydraulic systems, electrical circuitry, engines and in techniques of welding and brazing."
47.0303,47,Industrial Mechanics and Maintenance Technology/Technician.,"A program that prepares individuals to apply technical knowledge and skills to repair and maintain industrial machinery and equipment such as cranes, pumps, engines and motors, pneumatic tools, conveyor systems, production machinery, marine deck machinery, and steam propulsion, refinery, and pipeline-distribution systems."
47.0402,47,Gunsmithing/Gunsmith.,"A program that prepares individuals to apply technical knowledge and skills to make, repair, maintain, and modify firearms according to blueprints or customer specifications, using specialized hand tools and machines."
47.0403,47,Locksmithing and Safe Repair.,"A program that prepares individuals to apply technical knowledge and skills to make, repair, maintain, modify, and open locks; to make keys; to enter and change lock and safe combinations; and install and repair safes."
47.0404,47,Musical Instrument Fabrication and Repair.,"A program that prepares individuals to apply technical knowledge and skills to make, repair, maintain, and tune acoustic and electric musical instruments.  Includes instruction in methods and equipment for making musical instruments, electronic instrument amplification systems, techniques of cleaning, and methods of tuning musical instruments."
47.0408,47,Watchmaking and Jewelrymaking.,"A program that prepares individuals to apply technical knowledge and skills to make repairs, and maintain timepieces, time-measuring devices, and jewelry items.  Includes instruction in mechanical timekeeping systems, digital timekeeping systems, timesetting, casting, engraving, polishing, stonesetting, soldering, fine microscopic work, equipment and tool maintenance, redesign and restyling techniques, and customer relations."
47.0409,47,Parts and Warehousing Operations and Maintenance Technology/Technician.,"A program that prepares individuals to apply technical knowledge and skills to maintain inventory control, care for inventory, and make minor repairs to warehouse equipment."
47.0603,47,Autobody/Collision and Repair Technology/Technician.,"A program that prepares individuals to apply technical knowledge and skills to repair, reconstruct and finish automobile bodies, fenders, and external features.  Includes instruction in structure analysis, damage repair, non-structural analysis, mechanical and electrical components, plastics and adhesives, painting and refinishing techniques, and damage analysis and estimating."
47.0604,47,Automobile/Automotive Mechanics Technology/Technician.,"A program that prepares individuals to apply technical knowledge and skills to repair, service, and maintain all types of automobiles.  Includes instruction in brake systems, electrical systems, engine performance, engine repair, suspension and steering, automatic and manual transmissions and drive trains, and heating and air condition systems."
47.0605,47,Diesel Mechanics Technology/Technician.,"A program that prepares individuals to apply technical knowledge and skills to repair, service, and maintain diesel engines in vehicles such as automobiles, buses, ships, trucks, railroad locomotives, and construction equipment; as well as stationary diesel engines in electrical generators and related equipment."
47.0606,47,Small Engine Mechanics and Repair Technology/Technician.,"A program that prepares individuals to apply technical knowledge and skills to repair, service, and maintain small internal-combustion engines used on portable power equipment such as lawnmowers, chain saws, rotary tillers, and snowmobiles."
47.0607,47,Airframe Mechanics and Aircraft Maintenance Technology/Technician.,"A program that prepares individuals to apply technical knowledge and skills to repair, service, and maintain all aircraft components other than engines, propellers, avionics, and instruments.  Includes instruction in layout and fabrication of sheet metal, fabric, wood, and other materials into structural members, parts, and fittings, and replacement of damaged or worn parts such as control cables and hydraulic units."
47.0608,47,Aircraft Powerplant Technology/Technician.,"A program that prepares individuals to apply technical knowledge and skills to repair, service, and maintain all types of aircraft powerplant and related systems.  Instruction includes engine inspection and maintenance, lubrication and cooling, electrical and ignition systems, carburetion, fuels and fuel systems, propeller and fan assemblies."
47.0609,47,Avionics Maintenance Technology/Technician.,"A program that prepares individuals to apply technical knowledge and skills to repair, service, and maintain all types of aircraft operating, control, and electronic systems.  Includes instruction in flight instrumentation, aircraft communications and homing systems, radar and other sensory systems, navigation aids, and specialized systems for various types of civilian and military aircraft."
47.0610,47,Bicycle Mechanics and Repair Technology/Technician.,"A program that prepares individuals to apply technical knowledge and skills to repair, service, and maintain bicycles and other human-powered vehicles.  Includes instruction in lubrication, adjustments of moving parts, and wheel building."
47.0611,47,Motorcycle Maintenance and Repair Technology/Technician.,"A program that prepares individuals to apply technical knowledge and skills to repair, service, and maintain motorcycles and other similar powered vehicles.  Includes instruction in lubrication and cooling systems, electrical and ignition systems, carburetion, fuel systems and adjustments of moving parts."
47.0612,47,Vehicle Emissions Inspection and Maintenance Technology/Technician.,"A program that prepares individuals to apply technical knowledge and skills to test, repair, service, and maintain vehicle emission systems in accordance with relevant laws and regulations."
47.0613,47,Medium/Heavy Vehicle and Truck Technology/Technician.,"A program that prepares individuals to apply technical knowledge and skills to the specialized maintenance and repair of trucks, buses, and other commercial and industrial vehicles.  Includes instruction in diesel engine mechanics, suspension and steering, brake systems, electrical and electronic systems, preventive maintenance inspections, drive trains, gasoline engine mechanics, HVAC systems, and auxiliary equipment installation and repair."
47.0614,47,Alternative Fuel Vehicle Technology/Technician.,"A program that prepares individuals to apply technical knowledge and skills to the maintenance of alternative fuel vehicles and the conversion of standard vehicles to AFV status.  Includes instruction in electrical vehicles, liquefied petroleum gas (LPG) vehicles, compressed natural gas (CNG) vehicles, hybrid fuel technology, electrical and electronic systems, engine performance, diagnosis and repair, and conversion/installation."
47.0615,47,Engine Machinist.,"A program that prepares individuals to apply technical knowledge and skills to the building and reconstruction of automotive and commercial vehicle engines.   Includes instruction in cylinder head and block, crack repair, crankshaft inspection and repair, connecting rods and pistons, balancing, block preparation, disassembly and repair, engine assembly, gas and diesel technology, and inspection and machining."
47.0616,47,Marine Maintenance/Fitter and Ship Repair Technology/Technician.,"A program that prepares individuals to apply technical knowledge and skills to repair outboard and inboard engines; test, maintain, and repair steering devices and electrical systems; repair metal, wood, and fiberglass hulls and vessel components; fabricate and maintain sails; and repair and balance propellers and drive shafts."
47.0617,47,High Performance and Custom Engine Technician/Mechanic.,"A program that prepares individuals to apply technical knowledge and skills to increase the power of diesel and automotive engines; enhance the performance of automobiles; and repair, service, and maintain high performance vehicles. Includes instruction in adding performance accessories; modifying powertrains; tuning custom engines, suspension, and exhaust systems; and using dynamometers and other diagnostic equipment."
47.0618,47,Recreation Vehicle (RV) Service Technician.,"A program that prepares individuals to apply technical knowledge and skills to build, test, inspect, repair, service and maintain recreational vehicles, systems, and interior and exterior components. Includes instruction in brake, hydraulic, and towing systems; electrical systems; propane systems and propane and electric appliances; carpentry; plumbing; welding; and structural frames."
47.0701,47,Energy Systems Installation and Repair Technology/Technician.,"A program that prepares individuals to apply technical knowledge and skills to assemble, install, operate, maintain, and repair energy systems. Includes instruction in installing, maintaining and testing various types of equipment."
47.0703,47,Solar Energy System Installation and Repair Technology/Technician.,"A program that prepares individuals to apply technical knowledge and skills to assemble, install, operate, maintain, and repair solar energy systems. Includes instruction in installing, maintaining and testing various types of equipment."
47.0704,47,Wind Energy System Installation and Repair Technology/Technician.,"A program that prepares individuals to apply technical knowledge and skills to assemble, install, operate, maintain, and repair wind energy systems. Includes instruction in installing, maintaining and testing various types of equipment."
47.0705,47,Hydroelectric Energy System Installation and Repair Technology/Technician.,"A program that prepares individuals to apply technical knowledge and skills to assemble, install, operate, maintain, and repair hydroelectric energy systems. Includes instruction in installing, maintaining and testing various types of equipment."
47.0706,47,Geothermal Energy System Installation and Repair Technology/Technician.,"A program that prepares individuals to apply technical knowledge and skills to assemble, install, operate, maintain, and repair geothermal energy systems. Includes instruction in installing, maintaining and testing various types of equipment."
50.0101,50,"Visual and Performing Arts, General.","A general, undifferentiated program that focuses on the visual and performing arts and that may prepare individuals in any of the visual artistic media or performing disciplines."
50.0102,50,Digital Arts.,"A general, undifferentiated program that focuses on the use of computerized digital images as the primary medium of expression in the visual and performing arts, and that may prepare individuals for a wide variety of careers using new media, including graphic design, digital animation, motion graphics, 3D visualization, game and interactive media design, music and sound design, video production, web design, photography, and other fields."
50.0201,50,"Crafts/Craft Design, Folk Art and Artisanry.","A program that focuses on the aesthetics, techniques, and creative processes for designing and fashioning objects in one or more of the handcraft or folk art traditions, and that prepares individuals to create in any of these media."
50.0301,50,"Dance, General.","A general program that prepares individuals to express ideas, feelings, and/or inner visions through the performance of one or more of the dance disciplines, including but not limited to ballet, modern, jazz, ethnic, and folk dance, and that focuses on the study and analysis of dance as a cultural phenomenon.  Includes instruction in  technique, choreography, Laban notation, dance history and criticism, and dance production."
50.0302,50,Ballet.,"A program that prepares individuals to express ideals and feelings through interpretation of classical dance choreography.  Includes instruction in ballet exercise, solo and ensemble dance, history of ballet, ballet choreography, Laban notation, ballet technique, and interpretations of specific styles and schools."
50.0401,50,"Design and Visual Communications, General.","A program in the applied visual arts that focuses on the general principles and techniques for effectively communicating ideas and information, and packaging products, in digital and other formats to business and consumer audiences, and that may prepare individuals in any of the applied art media."
50.0402,50,Commercial and Advertising Art.,"A program in the applied visual arts that prepares individuals to use artistic techniques to effectively communicate ideas and information to business and consumer audiences via illustrations and other forms of digital or printed media.  Includes instruction in concept design, layout, paste-up, and techniques such as engraving, etching, silkscreen, lithography, offset, drawing and cartooning, painting, collage, and computer graphics."
50.0404,50,Industrial and Product Design.,"A program in the applied visual arts that prepares individuals to use artistic techniques to effectively communicate ideas and information to business and consumer audiences via the creation of effective forms, shapes, and packaging for manufactured products.  Includes instruction in designing in a wide variety of plastic and digital media, prototype construction, design development and refinement, principles of cost saving, and product structure and performance criteria relevant to aesthetic design parameters."
50.0406,50,Commercial Photography.,"A program in the applied visual arts that prepares individuals to use artistic techniques to effectively communicate ideas and information to business and consumer audiences, and recording events and people, via digital, film, still and video photography.  Includes instruction in specialized camera and equipment operation and maintenance, applications to commercial and industrial needs, and photography business operations."
50.0407,50,Fashion/Apparel Design.,"A program that prepares individuals to apply artistic principles and techniques to the professional design of commercial fashions, apparel, and accessories, and the management of fashion development projects.  Includes instruction in apparel design; accessory design; the design of men's', women's', and children's' wear; flat pattern design; computer-assisted design and manufacturing; concept planning; designing in specific materials; labor and cost analysis; history of fashion; fabric art and printing; and the principles of management and operations in the fashion industry."
50.0408,50,Interior Design.,"A program in the applied visual arts that prepares individuals to apply artistic principles and techniques to the professional planning, designing, equipping, and furnishing of residential and commercial interior spaces.  Includes instruction in computer applications, drafting, and graphic techniques; principles of interior lighting, acoustics, systems integration, and color coordination; furniture and furnishings; textiles and their finishing; the history of interior design and period styles; basic structural design; building codes and inspection regulations; and applications to office, hotel, factory, restaurant and housing design."
50.0409,50,Graphic Design.,"A program that prepares individuals to apply artistic and computer techniques to the interpretation of technical and commercial concepts. Includes instruction in computer-assisted art and design, printmaking, concepts sketching, technical drawing, color theory, imaging, studio technique, still and life modeling, multimedia applications, communication skills and commercial art business operations."
50.0410,50,Illustration.,"A program that prepares individuals to use artistic techniques to develop and execute interpretations of the concepts of authors and designers to specifications.  Includes instruction in book illustration, fashion illustration, map illustration, rendering, exhibit preparation, textual layout, cartooning, and the use of various artistic techniques as requested by clients."
50.0411,50,Game and Interactive Media Design.,"A program that focuses on the design, development, and programming of interactive media entertainment, including computer and video games, virtual environments,  Internet applications, and other interactive media. Includes instruction in theory of games, turn-based games, real-time games, visual and interactive design, story development, animation, simulation, and programming."
50.0501,50,"Drama and Dramatics/Theatre Arts, General.","A program that focuses on the general study of dramatic works and their performance.  Includes instruction in major works of dramatic literature, dramatic styles and types, and the principles of organizing and producing full live or filmed productions."
50.0502,50,Technical Theatre/Theatre Design and Technology.,"A program that prepares individuals to apply artistic, technical and dramatic principles and techniques to the communication of dramatic information, ideas, moods, and feelings through technical theatre methods.  Includes instruction in set design, lighting design, sound effects, theatre acoustics, scene painting, property management, costume design, and technical direction and production and use of computer applications to support these functions."
50.0504,50,Playwriting and Screenwriting.,"A program that focuses on the principles and techniques for communicating dramatic information, ideas, moods, and feelings through the composition of creative written works for the theatre, film, and/or television. Includes instruction in creative writing craft, scene writing, script development, stage and/or camera instructions, line and moment analysis, script reading, script editing, and the creation of full productions."
50.0505,50,"Theatre Literature, History and Criticism.","A program that focuses on the study of the history, literature, theory, and analysis of written plays, theatrical productions, and theatre methods and organization.  Includes instruction in historical method; critical theory; literary analysis; the study of themes and archetypes in dramatic literature; the history of acting, directing, and technical theatre; and the study of specific historical and cultural styles and traditions."
50.0506,50,Acting.,"A program that prepares individuals to communicate dramatic information, ideas, moods, and feelings through the achievement of naturalistic and believable behavior in imaginary circumstances.  Includes instruction in voice and acting speech, stage dialects, movement, improvisation, acting styles, theatre history, script interpretation, and actor coaching."
50.0507,50,Directing and Theatrical Production.,"A program that prepares individuals to manage the planning, design, preparation, and production of plays and other theatrical entertainment programs.  Includes instruction in theatrical design, program management, dramatic production, rehearsal management, personnel management and casting, actor coaching, directing concepts and techniques, theater history, scene work, script interpretation, business management, marketing, public relations, and communications skills."
50.0509,50,Musical Theatre.,"A program that focuses on the principles and techniques for integrating theatre, music, and dance into a unified production. Includes instruction in acting, dance, voice, technical theater, musical genres, piano, and history of musical theater."
50.0510,50,Costume Design.,"A program that prepares individuals to design and select costumes for characters in theatre and the performing arts and to serve as part of a production team. Includes instruction in costume design, script analysis, theory and criticism, period styles, history of costume, stage makeup, rendering, and costume construction."
50.0511,50,Comedy Writing and Performance.,"A program that focuses on the historical, cultural, and theoretical dimensions of comedy as an art form, and the writing, performance, and production of comedy. Includes instruction in comedic storytelling, comedy production, comedy writing, history of comedy, improvisation, and sketch writing."
50.0512,50,Theatre and Dance.,"A program of study that focuses on integrating the studies of dance and theatre arts to provide perspectives in all facets of production, performance, and critical engagement. Includes instruction in acting, aesthetics, choreography, costume design, criticism, dance, improvisation, music analysis, playwriting, theatre performance history, scene design, stage lighting, and technical theatre."
50.0601,50,Film/Cinema/Media Studies.,"A program in the visual arts that focuses on the study of the history, development, theory, and criticism of the film/media arts, as well as the basic principles of filmmaking and film production."
50.0602,50,Cinematography and Film/Video Production.,"A program that prepares individuals to communicate dramatic information, ideas, moods, and feelings through the making and producing of films and videos. Includes instruction in theory of film, film technology and equipment operation, film production, film directing, film editing, cinematographic art, film audio, techniques for making specific types of films and/or videos, media technologies, computer image making, multi-media production, and the planning and management of film/video operations."
50.0605,50,Photography.,"A program that focuses on the principles and techniques of communicating information, ideas, moods, and feelings through the creation of images on photographic film, plates, and digital images and that may prepare individuals to be professional photographic artists.  Includes instruction in camera and equipment operation and maintenance, film and plate developing, light and composition, films and printing media, color and special effects, photographic art, photographic history, use of computer applications to record or enhance images and applications to the photography of various subjects."
50.0607,50,Documentary Production.,"A program that prepares individuals to produce nonfiction film and video. Includes instruction in film and video writing, directing, and production; film studies; history of the documentary; research techniques; videography; editing; and business aspects of film production."
50.0701,50,"Art/Art Studies, General.","A general program that focuses on the introductory study and appreciation of the visual arts.  Includes instruction in art, photography, and other visual communications media."
50.0702,50,"Fine/Studio Arts, General.","A program that prepares individuals to generally function as creative artists in the visual and plastic media.  Includes instruction in the traditional fine arts media (drawing, painting, sculpture, printmaking, CAD/CAM) and/or modern media (ceramics, textiles, intermedia, photography, digital images), theory of art, color theory, composition and perspective, anatomy, the techniques and procedures for maintaining equipment and managing a studio, and art portfolio marketing."
50.0703,50,"Art History, Criticism and Conservation.","A program that focuses on the study of the historical development of art as social and intellectual phenomenon, the analysis of works of art, and art conservation.  Includes instruction in the theory of art, art history research methods, connoisseurship, the preservation and conservation of works of art, and the study of specific periods, cultures, styles, and themes."
50.0705,50,Drawing.,"A program that prepares individuals creatively and technically to express emotions, ideas, or inner visions through representation by lines made on a surface.  Includes instruction in eye-hand coordination; line, value, shape, and perspective; figure and still life drawing; the use of media such as pen and ink, pencil, charcoal, pastel, and brush; and personal style development."
50.0706,50,Intermedia/Multimedia.,"A program that prepares individuals creatively and technically to express emotions, ideas, or inner visions in either two or three dimensions, through simultaneous use of a variety of materials and media."
50.0708,50,Painting.,"A program that prepares individuals creatively and technically to express emotions, ideas, or inner visions by the application of paints and related chemical color substances to canvases or other materials.  Includes instruction in color and color mixing, surface preparation, composition, oil and acrylic media, watercolor media, painting techniques, and personal style development."
50.0709,50,Sculpture.,"A program that prepares individuals creatively and technically to express emotions, ideas, or inner visions by creating three-dimensional art works.  Includes instruction in the analysis of form in space; round and relief concepts; sculptural composition; modern and experimental methods; different media such as clay, plaster, wood, stone, and metal; techniques such as carving, molding, welding, casting, and modeling; and personal style development."
50.0710,50,Printmaking.,"A program that prepares individuals creatively and technically to express emotions, ideas, or inner visions by rendering art concepts onto surfaces and transferring images, via ink or dyes, onto paper or fabric.  Includes instruction in monochrome and color printing; tonality; chemistry; equipment set-up and maintenance; techniques such as serigraphy, lithography, intaglio, woodcut, block, stencil, relief, etching, and composite; and personal style development."
50.0711,50,Ceramic Arts and Ceramics.,"A program that prepares individuals creatively and technically to express emotions, ideas, or inner visions by producing art works out of clay and similar materials.  Includes instruction in handbuilt and wheelthrown techniques; molding; slips and glazes; trimming and decorating; firing and kiln operation; oxidation; mixed media; ceramic murals; and personal style development."
50.0712,50,"Fiber, Textile and Weaving Arts.","A program that prepares individuals creatively and technically to express emotions, ideas, or inner visions by constructing art works from woven or non-woven fabrics and fibrous materials.  Includes instruction in weaving techniques and loom operation; non-woven techniques such as knitting, coiling, netting, and crocheting; quilting; dyeing and pigmentation; printing and other finishing techniques; pattern design; tapestry; and personal style development."
50.0713,50,Jewelry Arts.,"A program that prepares individuals creatively and technically to express emotions, ideas, or inner visions by fashioning jewelry from gems, other stones, and precious metals. Includes instruction in design concepts, electroforming, enameling, gemology, lapidary technique and art, metal and non-metal casting and molding, metal coloring, metalsmithing and finishing, personal style development, photo etching, and stone cutting and polishing."
50.0714,50,Metal Arts.,"A program that focuses on the development of individual artistic expression and technical skills necessary for fabricating refined metal works. Includes instruction in aesthetics, anodizing, art history, casting, design, electroforming, enameling, metalsmithing, sculpture, two and three-dimensional design, wax carving, and welding."
50.0901,50,"Music, General.","A general program that focuses on the introductory study and appreciation of music and the performing arts.  Includes instruction in music, dance, and other performing arts media."
50.0902,50,"Music History, Literature, and Theory.","A program that focuses on the study of the historical evolution of music as a social and intellectual phenomenon, the development of musical instruments and techniques, and the analysis and criticism of musical literature.  Includes instruction in music history research methods, aesthetic analysis of musical compositions, history of musical writing and notation, the development of musical instruments, the development of music theory, and the study of specific periods, cultural traditions, styles, and themes."
50.0903,50,"Music Performance, General.",A program that generally prepares individuals to master musical instruments and performing art as solo and/or ensemble performers.  Includes instruction on one or more specific instruments from various instrumental groupings.
50.0904,50,Music Theory and Composition.,"A program that focuses on the study of the principles of sound manipulation as applied to the creation of music, and the techniques of creating and arranging music.  Includes instruction in aural theory, melody, counterpoint, complex harmony, modulation, chromatics, improvisation, progressions, musical writing, instrumentation, orchestration, electronic and computer applications, studies of specific musical styles, and development of original creative ability."
50.0905,50,Musicology and Ethnomusicology.,"A program that focuses on the systematic study of the forms and methods of music art, and the functions of music, in Western and non-Western societies and cultures.  Includes instruction in music theory, musicological research methods, and studies of specific cultural styles such as jazz, folk music, rock, ethnic musical traditions, and the music of non-Western cultures."
50.0906,50,Conducting.,"A program that prepares individuals to master the art of leading bands, choirs, orchestras and other ensembles in performance, and related music leadership.  Includes instruction in score analysis and arranging, rehearsal and performance leadership, music coaching, arrangement and performance planning, ensemble operations management, and applications to specific school or professional ensembles."
50.0907,50,Keyboard Instruments.,"A program that prepares individuals to master the piano, organ, or related keyboard instruments and performing art as solo, ensemble, and/or accompanist performers.  Includes instruction in piano and keyboard pedagogy, ensemble playing, accompanying, service playing, repertoire, keyboard and pedal skills, recital, and personal style development."
50.0908,50,Voice and Opera.,"A program that prepares individuals to master the human voice and performing art as solo and/or ensemble performers in concert, choir, opera, or other forms of singing.  Includes instruction in voice pedagogy, diction, vocal physiology and exercise, expressive movement, repertoire, recital, and personal style development."
50.0910,50,Jazz/Jazz Studies.,"A program that prepares individuals to study and master the performance and composition of Jazz.  Includes instruction in the history of Jazz and related musical styles such as the Blues, Jazz composition and theory, improvisation, Jazz instrument and ensemble performance, and related topics."
50.0911,50,Stringed Instruments.,"A program that prepares individual to master a stringed instrument and performing arts as solo, ensemble and/or accompanist performers.  Includes instruction in playing and personal style development."
50.0912,50,Music Pedagogy.,"A program that prepares individuals to provide musical instruction and tutoring to clients in private and institutional settings.  Includes instruction in music theory, music composition, mastery of one or more instruments, familiarity with various musical genres and styles, principles of music education, and client communications."
50.0913,50,Music Technology.,"A program that focuses on the creative aspects of the blending of music and technology; and that prepares individuals to apply technical knowledge and skills to the composition, recording, synthesis, and performance of music; audio-visual production; scoring for film and multimedia; and software and multimedia development. Includes instruction in music theory, music history, composition, acoustics, recording technology, computer composition, electronic music synthesis, technology-based performance, 3D sound and spatial audio, and music business and law."
50.0914,50,Brass Instruments.,"A program that prepares individuals to master a brass instrument and performing art as solo, ensemble, and/or accompanist performers. Includes instruction in playing and personal style development."
50.0915,50,Woodwind Instruments.,"A program that prepares individuals to master a woodwind instrument and performing art as solo, ensemble, and/or accompanist  performers. Includes instruction in playing and personal style development."
50.0916,50,Percussion Instruments.,"A program that prepares individuals to master percussion instruments and performing art for a variety of musical settings, including orchestral, solo, chamber, commercial, or nontraditional. Includes instruction in playing and personal style development."
50.0917,50,Sound Arts.,"A program that focuses on sound as a form of cultural expression, and its relationship to other disciplines such as computer programming, performance, and video. Includes instruction in acoustics; arranging, composing, and editing music; music theory; musicology; orchestration and scoring; and sound design."
50.1001,50,"Arts, Entertainment, and Media Management, General.","A program that prepares individuals to organize and manage various aspects of the visual arts, performing arts, and entertainment media industries.  Includes instruction in business and financial management, marketing and fund-raising, labor relations for the arts, event promotion and management, product and artist management, and applicable law."
50.1002,50,Fine and Studio Arts Management.,"A program that prepares individuals to organize and manage fine and studio art organizations, operations, and facilities. Includes instruction in business and financial management; marketing and fundraising; personnel management and labor relations; event promotion and management; public relations and arts advocacy; arts law; and applications to specific arts activities such as galleries, museums, studios, foundations, and community organizations."
50.1003,50,Music Management.,"A program that prepares individuals to organize and manage music organizations, operations, facilities, and personnel.  Includes instruction in business and financial management; marketing and fundraising; personnel management and labor relations; event promotion and management; music products merchandising; artist agency and promotion; music law; and applications to specific activities such as managing theaters, recording studios and companies, bands and other ensembles, individual artists, and music organizations."
50.1004,50,Theatre/Theatre Arts Management.,"A program that prepares individuals to apply business management principles to the management of theatres and production corporations.  Includes instruction in theatrical production, theatre design and planning, fund-raising and promotion, investment strategies, human resources management, theatre operations management, marketing, public relations, financial management and insurance, and applicable laws and regulations."
50.1101,50,Community/Environmental/Socially-Engaged Art.,"A program that focuses on using the arts to promote activism, civic dialog, community development, ecological and environmental awareness, or social justice. Includes instruction in community organizing, cultural criticism, social practice, studio art, and visual and performing arts."
51.0001,51,"Health and Wellness, General.","A program of study that prepares individuals to assume roles as health/wellness professionals in private business and industry, community organizations, and health care settings. Includes instruction in personal health, community health and welfare, nutrition, epidemiology, disease prevention, fitness and exercise, and health behaviors."
51.0101,51,Chiropractic.,"A program that prepares individuals for the independent professional practice of chiropractic, a health care and healing system based on the application of non-invasive treatments and spinal adjustments to alleviate health problems caused by vertebral misalignments affecting bodily function as derived from the philosophy of Daniel Palmer.  Includes instruction in the basic medical sciences, chiropractic theory and science, postural and spinal analysis, diagnostic radiology and ultrasound, adjustment technique, patient counseling, professional standards and ethics, and practice management."
51.0201,51,"Communication Sciences and Disorders, General.","A program that focuses on the application of biomedical, psychological, and physical principles to the study of the scientific bases, development, and treatment of speech, language, hearing, and cognitive communication problems caused by disease, injury, or disability. Includes instruction in language science, hearing science, speech and voice science, biology of communication, behavioral linguistics, psychology, and applications to the development of diagnostic and rehabilitative strategies and technologies."
51.0202,51,Audiology/Audiologist.,"A program that prepares individuals to diagnose and treat hearing loss and other disorders involving the ear, advise patients on means to use their remaining hearing, and select and fit hearing aids and other devices. Includes instruction in acoustics, anatomy and physiology of hearing, hearing measurement, auditory pathology, middle and inner ear analysis, rehabilitation therapies and assistive technologies, and pediatric and other special applications."
51.0203,51,Speech-Language Pathology/Pathologist.,"A program that prepares individuals to evaluate the speaking, language interpretation, and related physiological and cognitive capabilities of children and/or adults and develop treatment and rehabilitative solutions in consultation with clinicians and educators.  Includes instruction in the anatomy and physiology of speech and hearing, biomechanics of swallowing and vocal articulation, communications disorders, psychology of auditory function and cognitive communication, language assessment and diagnostic techniques, and rehabilitative and management therapies."
51.0204,51,Audiology/Audiologist and Speech-Language Pathology/Pathologist.,"An integrated program that prepares individuals to work as both audiologists and speech-language pathologists. Includes instruction in a variety of communication disorder studies, audiology, speech pathology, language acquisition, and the design and implementation of comprehensive therapeutic and rehabilitative solutions to communications problems."
51.0401,51,Dentistry.,"A program that prepares individuals for the independent professional practice of dentistry/dental medicine, encompassing the evaluation, diagnosis, prevention, and treatment of diseases, disorders, and conditions of the oral cavity, maxillofacial area, and adjacent structures and their impact on the human body and health.  Includes instruction in the basic biomedical sciences, occlusion, dental health and prevention, oral pathology, cariology, operative dentistry, oral radiology, principles of the various dental specialties, pain management, oral medicine, clinic and health care management, patient counseling, and professional standards and ethics."
51.0501,51,"Dental Clinical Sciences, General.",An integrated or undifferentiated program that generally prepares dentists in one or more of the oral sciences and advanced/graduate dentistry specialties.
51.0502,51,Advanced General Dentistry.,"A program that focuses on the advanced study of dental clinical techniques and dental practice issues.  Includes instruction in subjects such as the history of dentistry, advanced dental practice management, dental ethics and jurisprudence, social and behavioral science studies of dentistry, advanced restorative dentistry, oral medicine, oral radiology, advanced clinical procedures and technology, and others."
51.0503,51,Oral Biology and Oral and Maxillofacial Pathology.,"A program that focuses on the scientific study of the growth, development, diseases, healing properties, and neurological components of the oral cavity, related tissues and organs, and associated craniofacial areas.  Includes instruction in oral microbiology microanatomy, craniofacial pain, humoral aspects of disease, etiology and histology of caries, plaque ecology, wound healing, oral disease epidemiology, oral manifestations of systemic disease, lesions, normal and pathologic physiology, and related molecular and physical studies."
51.0504,51,Dental Public Health and Education.,"A program that focuses on the scientific study of dental disease prevention and control, community dental health promotion, and prepares dentists and public health professionals to function as dental health specialists.  Includes instruction in preventive dentistry, the relationship of oral disease to health and quality of life, patient and practitioner behavior, dental epidemiology, nutrition and dental health, dental care policy and delivery, oral health program planning and administration, biostatistics, and research methods."
51.0505,51,Dental Materials.,"A program that focuses on the scientific study of the biomaterials and inert and active compounds used in dental procedures; the development of dental materials; and their effects on the living tissues of the oral cavity and systemic bodily health.  Includes instruction in materials science, dental bioengineering, biocompatibility of materials, physics and mechanics of dental materials, elastic and plastic deformation, surface bonding, and applications to fixed and removable prostheses and restorative procedures."
51.0506,51,Endodontics/Endodontology.,"A program that focuses on the advanced study of the morphology, physiology, and pathology of human dental pulp and periradicular tissues, and prepares dentists to diagnose and treat internal diseases and injuries of teeth.  Includes instruction in theory and practice of endodontics; pulpal disease; relationship of endodontic conditions to other dental/oral health issues; endodontic operative technique; and patient care and management."
51.0507,51,Oral/Maxillofacial Surgery.,"A program that focuses on the advanced study of the diagnosis and intrusive and adjunctive treatment of diseases, injuries, and defects of the oral and maxillofacial regions, including functional and aesthetic aspects.  Includes instruction in pharmacology, analgesia, anesthesia, anxiety control, surgical procedures and techniques, surgical instrumentation, exodontia, oral diseases and malfunctions, soft and hard tissue pathology, dentoalveolar surgery, infection management, and prosthetic implantation."
51.0508,51,Orthodontics/Orthodontology.,"A program that focuses on the advanced study of the guidance of growing dental structures and the correction of misalignments, disproportionate growth, and traumas caused by genetics, disease, injuries, and dysfunctional behaviors. Includes instruction in craniofacial growth and development, malocclusion, design and fabrication of orthodontic appliances, craniofacial alignment, physiological function and analysis, cephalometrics, model analysis, space analysis, surgical orthodontics, cleft lip and palate, and treatment planning and management."
51.0509,51,Pediatric Dentistry/Pedodontics.,"A program that focuses on the advanced study of the therapeutic and preventive care of the oral health of children from birth through adolescence, and the care of adults with physical, mental, and emotional disabilities.  Includes instruction in developmental oral biology, preventive medicine, diet therapy and counseling, patient management, pediatric restorative procedures, pulp therapy, trauma management, anesthesia, treatment planning, and the treatment of handicapped patients."
51.0510,51,Periodontics/Periodontology.,"A program that focuses on the advanced study of the etiology and treatment of diseases of the gingivae (gum tissue) and supporting bone, nerve, and vascular structures.  Includes instruction in periodontium pathology, diagnostic procedures and equipment, occulsion, nutritional aspects of periodontology, surgical treatments, and patient care and management."
51.0511,51,Prosthodontics/Prosthodontology.,"A program that focuses on the advanced study of the restoration and maintenance of teeth, oral function, and aesthetic form through the use of single or compound materials, structures, and artificial devices.  Includes instruction in implant dentistry, surgical procedures, denture design and fabrication, fixed and removable prosthodontics, restorative techniques, occlusion therapy and devices, geriatric dentistry, cosmetic dentistry, and tempromandibular joint dysfunction."
51.0512,51,Digital Dentistry.,"A program that focuses on the use of digital and CAD/CAM technology in dental treatment. Includes instruction in digital diagnostic and treatment planning techniques, CAD/CAM restoration, and patient management."
51.0513,51,Geriatric Dentistry.,"A program that focuses on the advanced study of the therapeutic and preventive care of the oral health of geriatric patients. Includes instruction in aging, preventive medicine, diet therapy and counseling, geriatric restorative procedures, pulp therapy, trauma management, anesthesia, treatment planning, and patient management."
51.0514,51,Implantology/Implant Dentistry.,"A program that focuses on dental implantology. Includes instruction in diagnosis and treatment planning, surgical protocols, implant placement, sinus grafting, guided bone regeneration, soft tissue grafting, prosthetic protocols, prosthesis design, and aftercare."
51.0601,51,Dental Assisting/Assistant.,"A program that prepares individuals to provide patient care, take dental radiographs (x-ray photographs), prepare patients and equipment for dental procedures, and discharge office administrative functions under the supervision of dentists and dental hygienists.  Includes instruction in medical record-keeping, general office duties, reception and patient intake, scheduling, equipment maintenance and sterilization, basic radiography, pre- and post-operative patient care and instruction, chairside assisting, taking tooth and mouth impressions, and supervised practice."
51.0602,51,Dental Hygiene/Hygienist.,"A program that prepares individuals to clean teeth and apply preventive materials, provide oral health education and treatment counseling to patients, identify oral pathologies and injuries, and manage dental hygiene practices.  Includes instruction in dental anatomy, microbiology, and pathology; dental hygiene theory and techniques; cleaning equipment operation and maintenance; dental materials; radiology; patient education and counseling; office management; supervised clinical training; and professional standards."
51.0603,51,Dental Laboratory Technology/Technician.,"A program that prepares individuals, under the supervision of dentists, to design and construct dental prostheses such as caps, crowns, bridges, dentures, splints, and orthodontic appliances.  Includes instruction in dental anatomy, dental materials, ceramics technology, impressions, complete dentures, partial dentures, orthodontics, crowns and bridges, sculpture, bonding and assembly techniques, and equipment operation."
51.0701,51,Health/Health Care Administration/Management.,"A program that prepares individuals to develop, plan, and manage health care operations and services within health care facilities and across health care systems.  Includes instruction in planning, business management, financial management, public relations, human resources management, health care systems operation and management, health care resource allocation and policy making, health law and regulations, and applications to specific types of health care services."
51.0702,51,Hospital and Health Care Facilities Administration/Management.,"A program that prepares individuals to apply managerial principles to the administration of hospitals, clinics, nursing homes, and other health care facilities.  Includes instruction in facilities planning, building and operations management, business management, financial management and insurance, fund-raising and marketing, public relations, human resources management and labor relations, health care facilities operations, principles of health care delivery, and applicable law and regulations."
51.0703,51,Health Unit Coordinator/Ward Clerk.,"A program that prepares individuals, under the supervision of nurses or ward supervisors, to perform routine administrative and reception duties in a patient care unit within a hospital or other health care facility.  Includes instruction in receiving and directing visitors, transcribing medical and nursing orders, preparing requisition forms, scheduling patient appointments and procedures, monitoring patients and personnel, and interpersonal skills."
51.0704,51,Health Unit Manager/Ward Supervisor.,"A program that prepares individuals, under the supervision of nursing or medical service administrators, to supervise and coordinate the operations of one or more patient care units in hospitals or other health care facilities.  Includes instruction in planning and initiating administrative procedures, personnel supervision, interpersonal skills, general and/or specialized health care operations and procedures, and consultation with other medical, nursing, and administrative team members."
51.0705,51,Medical Office Management/Administration.,"A program that prepares individuals to manage the specialized business functions of a medical or clinical office.  Includes instruction in business office operations, business and financial record-keeping, personnel supervision, medical and health care policy administration, conference planning, scheduling and coordination, public relations, and applicable law and regulations."
51.0706,51,Health Information/Medical Records Administration/Administrator.,"A program that prepares individuals to plan, design, and manage systems, processes, and facilities used to collect, store, secure, retrieve, analyze, and transmit medical records and other health information used by clinical professionals and health care organizations.  Includes instruction in the principles and basic content of the biomedical and clinical sciences, information technology and applications, data and database management, clinical research methodologies, health information resources and systems, office management, legal requirements, and professional standards."
51.0707,51,Health Information/Medical Records Technology/Technician.,"A program that prepares individuals, under the supervision of health information administrators and other professionals, to construct medical records and clinical databases, perform manipulations on retrieved data, control the security and quality of records, and supervise data entry and technical maintenance personnel.  Includes instruction in clinical and biomedical science data and information requirements, database management, data coding and validation, information security, quality control, health information content and structure, medical business procedures, and legal requirements."
51.0708,51,Medical Transcription/Transcriptionist.,"A program that prepares individuals to execute verbatim medical conference minutes, medical reports, and medical orders.  Includes instruction in dictation and simultaneous recording, analysis of notes and visual evidence, medical terminology, data processing applications and skills, formal medical report and correspondence formats, professional standards, and applicable law and regulations."
51.0709,51,Medical Office Computer Specialist/Assistant.,"A program that prepares individuals to apply computer programming, troubleshooting, and information technology skills to the installation, maintenance, and upgrade of standard, customized, or proprietary medical software and associated hardware.  Includes instruction in computer programming, systems analysis, networking, telecommunications, medical records and informatics software applications, information technology, systems administration, computer security, and applicable regulations and certifications or licenses."
51.0710,51,Medical Office Assistant/Specialist.,"A program that prepares individuals, under the supervision of office managers and other professionals, to perform routine administrative duties in a medical, clinical, or health care facility/system office environment.  Includes instruction in general office skills, data processing, office equipment operation, principles of medical record-keeping and business regulations, medical/clinical office procedures, and communications skills."
51.0711,51,Medical/Health Management and Clinical Assistant/Specialist.,"A program that prepares individuals, under the supervision of physicians, nurses, or other health care professionals, to perform medical office or facilities management services and perform one or more clinical allied health specialties.  Includes instruction in health care management; medical office administration; medical law and regulations; training in one or more diagnostic, treatment, therapy, or laboratory specialties at the assistant level or above; and applicable professional standards and ethics."
51.0712,51,Medical Reception/Receptionist.,"A program that prepares individuals, under the supervision of office managers, nurses, or physicians, to provide customer service, visitor reception, and patient intake and discharge services.  Includes instruction in medical office and health care facility procedures, medical terminology, interpersonal skills, record-keeping, customer service, telephone skills, data entry, interpersonal communications skills, and applicable policies and regulations."
51.0713,51,Medical Insurance Coding Specialist/Coder.,"A program that prepares individuals to perform specialized data entry, classification, and record-keeping procedures related to medical diagnostic, treatment, billing, and insurance documentation.  Includes instruction in medical records and insurance software applications, basic anatomy and physiology, medical terminology, fundamentals of medical science and treatment procedures, data classification and coding, data entry skills, and regulations relating to Medicare and insurance documentation."
51.0714,51,Medical Insurance Specialist/Medical Biller.,"A program that prepares individuals to perform and manage the medical and health insurance operations in a medical office, health care facility, health maintenance organization, or insurance provider.  Includes instruction in health and medical insurance processes; health insurance law, policy, and regulations; insurance records and paperwork administration; insurance office administration; health/medical insurance software applications; personnel supervision; business mathematics; billing and collection procedures; medical terminology; and communications skills."
51.0715,51,Health/Medical Claims Examiner.,"A program that prepares individuals to perform specialized investigatory, analytical, evaluative, and consultative functions related to health/medical insurance operations and their regulation.  Includes instruction in health and medical insurance processes and procedures, health insurance law and regulations, health care industry law, record-keeping, analytic and investigatory techniques, evaluation methods, field operations methods, office procedures, related software applications, oral and written communications skills, interviewing techniques, and professional standards and ethics."
51.0716,51,Medical Administrative/Executive Assistant and Medical Secretary.,"A program that prepares individuals to perform the duties of special assistants and personal secretaries for practicing physicians and nurses, health care facilities and services administrators, and other health care professionals.  Includes instruction in business and medical communications, medical terminology, principles of health care operations, public relations and interpersonal communications, software applications, record-keeping and filing systems, scheduling and meeting planning, applicable policy and regulations, and professional standards and ethics."
51.0717,51,Medical Staff Services Technology/Technician.,"A program that prepares individuals to perform credentialing, privileging, personnel management, and accreditation compliance services for hospitals and other health care facilities and organizations.  Includes instruction in medical staff organization and management, medical terminology, credentialing and re-credentialing, health care accreditation and regulatory standards, health care law, meeting and negotiation management, and office information systems management."
51.0718,51,Long Term Care Administration/Management.,"A program that prepares individuals to apply managerial principles to the administration of nursing homes, assisted living facilities, adult day care, home health services, and other long term care settings and agencies serving the elderly and disabled. Includes instruction in social and clinical aspects of aging, health care delivery systems, nursing home administration, assisted living administration, aging policy and government programs, ethics, business management, financial management, human resource management, marketing, and applicable laws and regulations."
51.0719,51,Clinical Research Coordinator.,"A program that prepares individuals for careers as clinical research administrators or clinical research coordinators where they work under the supervision of a Principal Investigator to organize, coordinate and administer clinical research trials. Includes instruction in pharmacology, medical terminology, foundations of clinical research, project management, ethics, research design and data management, and legal and regulatory compliance ."
51.0720,51,Regulatory Science/Affairs.,"A program that prepares individuals to manage the regulatory process for companies innovating and developing cutting edge products in science, biotechnology, pharmaceuticals, and medicine. Includes instruction in regulatory affairs, clinical documentation, human and animal subject protection, Food and Drug Administration (FDA) regulations, data management and analysis, good manufacturing practices, and quality management."
51.0721,51,Disease Registry Data Management.,"A program that prepares individuals to find, interpret, and record demographic and medical information on individuals for healthcare agencies and disease registries. Includes instruction in anatomy, data management, disease registry organization and operations, epidemiology, ethics, fundamentals of disease coding and staging, medical terminology, pathophysiology, pharmacology, physiology, quality management, and statistics."
51.0722,51,Healthcare Innovation.,"A program that prepares individuals to innovate solutions and lead change within a healthcare organization. Includes instruction in innovation management, medical device development, evidence-based practice, systems thinking, information technology, healthcare policy and finance, organizational change, and leadership."
51.0723,51,Healthcare Information Privacy Assurance and Security.,"A program that prepares individuals for careers in designing, implementing, and administering comprehensive privacy and security protection programs in all types of healthcare organizations. Includes instruction in health information ethics, healthcare information privacy and security, healthcare compliance, healthcare information security and disaster recovery, and healthcare privacy law."
51.0801,51,Medical/Clinical Assistant.,"A program that prepares individuals, under the supervision of physicians, to provide medical office administrative services and perform clinical duties including patient intake and care, routine diagnostic and recording procedures, pre-examination and examination assistance, and the administration of medications and first aid.  Includes instruction in basic anatomy and physiology; medical terminology; medical law and ethics; patient psychology and communications; medical office procedures; and clinical diagnostic, examination, testing, and treatment procedures."
51.0802,51,Clinical/Medical Laboratory Assistant.,"A program that prepares individuals, under the supervision of physicians or laboratory scientists or technologists, to perform waived testing procedures (Clinical Laboratory Improvement Amendments of 1988), phlebotomy, and other duties in support of laboratory teams.  Includes instruction in clinical procedures, various laboratory tests, laboratory mathematics, computer technology, equipment operation and maintenance, sterilization and safety, communications skills, and interpersonal skills."
51.0803,51,Occupational Therapist Assistant.,"A program that prepares individuals, under the supervision of occupational therapists, to direct patient participation in skill-enhancing, learning, and motivational tasks; correct or diminish pathologies; and to provide direct health education and promotion services.  Includes instruction in human life span development, occupational therapy principles and practice skills, treatment planning and implementation, record-keeping and documentation, patient education and intervention, activity and program direction, and assistive services management."
51.0805,51,Pharmacy Technician/Assistant.,"A program that prepares individuals, under the supervision of pharmacists, to prepare medications, provide medications and related assistance to patients, and manage pharmacy clinical and business operations.  Includes instruction in medical and pharmaceutical terminology, principles of pharmacology and pharmaceutics, drug identification, pharmacy laboratory procedures, prescription interpretation, patient communication and education, safety procedures, record-keeping, measurement and testing techniques, pharmacy business operations, prescription preparation, logistics and dispensing operations, and applicable standards and regulations."
51.0806,51,Physical Therapy Assistant.,"A program that prepares individuals, under the supervision of a physical therapist, to implement physical therapy treatment care plans, train patients, conduct treatment interventions, use equipment, and observe and record patient progress. Includes instruction in applied anatomy and physiology, behavioral sciences, biomechanics, clinical documentation, clinical pathology, communication, exercise physiology, kinesiology, neuroscience, and professional standards and ethics."
51.0809,51,Anesthesiologist Assistant.,"A program that prepares individuals to assist anesthesiologists and nurse anesthetists in developing and implementing patient anesthesia care plans, including preoperative, surgical theater, recovery room, and postoperative/intensive care procedures.  Includes instruction in patient data collection, catheter insertion, airway management and drug administration, assisting the administration and monitoring of regional and peripheral nerve blockades, support therapy, adjusting anesthetic levels during surgery, interoperative monitoring, postoperative procedures, pain clinics and patient education, and administrative tasks."
51.0810,51,Emergency Care Attendant (EMT Ambulance).,"A program that prepares individuals to assist licensed EMTs, under the supervision of a physician, to prepare and transport ill or injured patients, and to operate emergency vehicles and equipment such as life support units.  Includes instruction in first aid and emergency medicine field techniques, patient stabilization and care, medical field communications, equipment operation and maintenance, emergency vehicle operation, and applicable standards and regulations."
51.0811,51,Pathology/Pathologist Assistant.,"A program that prepares individuals, under the supervision of pathologists, to assist in the performance of autopsies, obtaining and preparing surgical specimens, preparing autopsy reports, and interacting with other clinicians, officials, and individuals.  Includes instruction in anatomy; physiology; medical terminology; general, systemic, forensic, and pediatric pathology; autopsy procedures; surgical technique; medical photography; tissue preparation; record keeping and laboratory administration; interpersonal skills; and applicable standards and regulations."
51.0812,51,Respiratory Therapy Technician/Assistant.,"A program that prepares individuals to administer general respiratory care procedures under the supervision of respiratory therapists in a variety of clinical settings.  Includes instruction in patient data collection and monitoring, airway management, installation of nebulizers and other respiratory assistance devices, application and monitoring of breathing gases, equipment operation and maintenance, safety and sanitation procedures, and applicable regulations."
51.0813,51,Chiropractic Technician/Assistant.,"A program that prepares individuals, under the supervision of a chiropractor, to provide patient management, examination, and treatment services.  Includes instruction in the principles and procedures of chiropractic, radiographic X-Ray procedures and techniques, X-Ray film analysis and media studies, orthopedic and neurological testing, clinical laboratory procedures, patient management and education, office administrative skills, and applicable law and regulations."
51.0814,51,Radiologist Assistant.,"A program that prepares individuals, under the supervision of a physician, to perform patient assessment, patient management, selected imaging procedures and to make initial observations of diagnostic images. Includes instruction in radiologic procedures and techniques, cross sectional anatomy, pharmacology, pathophysiology, patient assessment, patient care and management, and radiation biology."
51.0815,51,Lactation Consultant.,"A program that prepares individuals to provide lactation management services and breastfeeding support to women, and to work as a Lactation Consultant in a variety of clinical settings. Includes instruction in anatomy and physiology of lactation, nutrition, breastfeeding techniques and technologies, common concerns and solutions, management of special situations, breastfeeding instruction, professional and legal concerns, and advocacy."
51.0816,51,Speech-Language Pathology Assistant.,"A program that prepares individuals, under the supervision of speech-language pathologists, to assist in the provision of speech-language pathology services to individuals of all ages, including screenings and assessments, following treatment plans or protocols, documenting and reporting patient performance, performing checks and maintenance of equipment, and providing support in research projects.  Includes instruction in speech and language development, phonetics, childhood and adult communication disorders, speech and hearing screening, and clinical procedures in speech-language pathology."
51.0901,51,Cardiovascular Technology/Technologist.,"A program that prepares individuals to perform invasive, noninvasive, and peripheral examinations of the cardiovascular system at the request of physicians to aid in diagnoses and therapeutic treatments. Includes instruction in reviewing and recording patient histories and clinical data, patient care, investigative and examination procedures, diagnostic procedures, data analysis and documentation, physician consultation, equipment operation and monitoring, and professional standards and ethics."
51.0902,51,Electrocardiograph Technology/Technician.,"A program that prepares individuals, under the supervision of physicians and nurses, to administer EKG and ECG diagnostic examinations and report results to the treatment team.  Includes instruction in basic anatomy and physiology, the cardiovascular system, medical terminology, cardiovascular medications and effects, patient care, EKG and ECG administration, equipment operation and maintenance, interpretation of cardiac rhythm, patient record management, and professional standards and ethics."
51.0903,51,Electroneurodiagnostic/Electroencephalographic Technology/Technologist.,"A program that prepares individuals, under the supervision of a physician, to study and record electrical activity in the brain and nervous system for purposes of patient monitoring and supporting diagnoses. Includes instruction in patient communication and care; taking and abstracting patient histories; application of recording electrodes; EEG, EP, and PSG equipment operation and procedural techniques; and data recording and documentation."
51.0904,51,Emergency Medical Technology/Technician (EMT Paramedic).,"A program  that prepares individuals, under the remote supervision of physicians, to recognize, assess, and manage medical emergencies in prehospital settings and to supervise Ambulance personnel.  Includes instruction in basic, intermediate, and advanced EMT procedures; emergency surgical procedures; medical triage; rescue operations; crisis scene management and personnel supervision; equipment operation and maintenance; patient stabilization, monitoring, and care; drug administration; identification and preliminary diagnosis of diseases and injuries; communication and computer operations; basic anatomy, physiology, pathology, and toxicology; and professional standards and regulations."
51.0905,51,Nuclear Medical Technology/Technologist.,"A program that prepares individuals, under the supervision of physicians, to employ radioactive and stable nuclides in diagnostic evaluations and therapeutic applications while monitoring for patient health and safety.  Includes instruction in nuclear physics, health physics, instrumentation and statistics, biochemistry, immunology, radiopharmacology, radiation biology, clinical nuclear medicine, radionuclide therapy, computer applications, safety regulations, equipment operation, quality control, laboratory procedures, taking patient histories, patient evaluation and monitoring, emergency first aid, administration and record-keeping, and personnel supervision."
51.0906,51,Perfusion Technology/Perfusionist.,"A program that prepares individuals, under the supervision of physicians and nurses, to operate extracorporeal circulation and autotransfusion equipment during medical procedures and surgeries where the support or temporary replacement of a patient's own respiratory or circulatory system is required.  Includes instruction in equipment selection and operation, physician and medical team consultation, patient condition monitoring, procedural techniques, and principles of respiratory and circulatory physiology."
51.0907,51,Medical Radiologic Technology/Science - Radiation Therapist.,"A program that prepares individuals to administer prescribed courses of radiation treatment, manage patients undergoing radiation therapy, and maintain pertinent records.  Includes instruction in applied anatomy and physiology, oncologic pathology, radiation biology, radiation oncology procedures and techniques, radiation dosimetry, tumor localization, treatment planning, patient communication and management, data collection, record-keeping, and applicable standards and regulations."
51.0908,51,Respiratory Care Therapy/Therapist.,"A program that prepares individuals, under the supervision of physicians, to assist in developing respiratory care plans, administer respiratory care procedures, supervise personnel and equipment operation, maintain records, and consult with other health care team members.  Includes instruction in the applied basic biomedical sciences; anatomy, physiology, and pathology of the respiratory system; clinical medicine; therapeutic procedures; clinical expressions; data collection and record-keeping; patient communication; equipment operation and maintenance; personnel supervision; and procedures for special population groups."
51.0909,51,Surgical Technology/Technologist.,"A program that prepares individuals, under the supervision of physicians and surgical nurses, to maintain, monitor, and enforce the sterile field and adherence to aseptic technique by preoperative, surgical team, and postoperative personnel.  Includes instruction in instrument and equipment sterilization and handling, surgical supplies management, wound exposure and closure, surgical computer and robot operation and monitoring, maintenance of hemostasis, and patient and team scrubbing."
51.0910,51,Diagnostic Medical Sonography/Sonographer and Ultrasound Technician.,"A program that prepares individuals, under the supervision of physicians, to utilize medical ultrasound techniques to gather sonographic data used to diagnose a variety of conditions and diseases.  Includes instruction in obtaining, reviewing, and integrating patient histories and data; patient instruction and care; anatomic, physiologic and pathologic data recording; sonographic data processing; sonography equipment operation; and professional standards and ethics."
51.0911,51,Radiologic Technology/Science - Radiographer.,"A program that prepares individuals, under the supervision of physicians, to provide medical imaging services to patients and attending health care professionals.  Includes instruction in applied anatomy and physiology, patient positioning, radiographic technique, radiation biology, safety and emergency procedures, equipment operation and maintenance, quality assurance, patient education, and medical imaging/radiologic services management."
51.0912,51,Physician Associate/Assistant.,"A program that prepares individuals to practice medicine, including diagnoses and treatment therapies, under the supervision of a physician.  Includes instruction in the basic medical and clinical sciences and specialized preparation in fields such as family medicine, pediatrics, obstetrics, gynecology, general surgery, psychiatry, and behavioral medicine; the delivery of health care services to homebound patients, rural populations, and underserved populations; and community health services."
51.0913,51,Athletic Training/Trainer.,"A program that prepares individuals to work in consultation with, and under the supervision of physicians to prevent and treat sports injuries and associated conditions.  Includes instruction in the identification, evaluation, and treatment of athletic injuries and illnesses; first aid and emergency care; therapeutic exercise; anatomy and physiology; exercise physiology; kinesiology and biomechanics; nutrition; sports psychology; personal and community health; knowledge of various sports and their biomechanical and physiological demands; and applicable professional standards and regulations."
51.0914,51,Gene/Genetic Therapy.,"A program that focuses on the application of genetics to the therapeutic treatment of diseases and inherited abnormalities through the targeted modification of gene expression, and prepares individuals to administer genetic therapies.  Includes instruction in medical genetics, genome analysis, pharmacology of gene transfer, viral vectors, nonviral therapeutic techniques, genetic screening, targeted gene delivery, vector production, safety and quality assurance, clinical trials management, and bioethics."
51.0915,51,Cardiopulmonary Technology/Technologist.,"A program that prepares individuals, under the supervision of physicians and nurses, to perform both cardiovascular and pulmonary diagnostic and therapeutic procedures.  Includes instruction in cardiopulmonary pharmacology; anatomy and physiology of the heart, peripheral vascular system, and lungs; pulmonary and cardiovascular disease and dysfunction; peripheral vascular Doppler procedures; invasive and non-invasive cardiology; pulmonary function tests; blood gas analysis; echocardiograph procedures; bronchoscopy; patient management; patient history taking and record-keeping; applications to clinical research; and emergency procedures."
51.0916,51,Radiation Protection/Health Physics Technician.,"A program that prepares individuals, under the supervision of health physicists, occupational safety and health specialists, and public health officials, to monitor and control radiation exposure and implement preventive measures in health care, work, and natural environments.  Includes instruction in radiation physics, environmental radioactivity, radiological instrumentation, electronics of radiation detection equipment, radioactive waste management and control, safety and handling procedures, decontamination procedures, radioactivity testing and analysis, and communications skills."
51.0917,51,Polysomnography.,"A program that prepares individuals to work under the supervision of a physician to provide comprehensive evaluation and treatment of sleep disorders. Includes instruction in human anatomy and physiology, polysomnographic technology, polysomnography scoring, neuroanatomy and neurophysiology of sleep, sleep disorders, and medical terminology."
51.0918,51,Hearing Instrument Specialist.,"A program that prepares individuals to test the hearing of, and to select, fit and dispense appropriate hearing aids for, patients. Includes instruction in acoustics, anatomy and physiology of the ear, hearing testing, hearing aid fitting and technology, health promotion and rehabilitation, counseling and communication, business management, and professional ethics."
51.0919,51,Mammography Technology/Technician.,"A program that prepares registered radiographers to become registered mammographers. Includes instruction in anatomy and physiology, mammography instrumentation, mammography positioning, principles and procedures of mammography, and quality assurance."
51.0920,51,Magnetic Resonance Imaging (MRI) Technology/Technician.,"A program that prepares individuals who are AART-certified radiological technicians to utilize MRI technology to obtain still and moving images of various vascular structures in the human body that aid the physician in the diagnosis or treatment of disease and injury. Includes instruction in MRI imaging, sectional anatomy and pathology, MRI technology, MRI techniques and procedures, MRI physics, and clinical training."
51.0921,51,Hyperbaric Medicine Technology/Technician.,"A program that prepares individuals, under the supervision of physicians, to operate hyperbaric (recompression) chambers for the treatment of disease. Includes instruction in patient assessment and management, hyperbaric safety, physics of hyperbaric and hypobaric exposures, physiology, hyperbaric chamber operation, and air decompression procedures."
51.0922,51,Intraoperative Neuromonitoring Technology/Technician.,"A program that prepares individuals, under the supervision of physicians, to become neuromonitoring technicians who analyze, monitor, and record nervous system function to promote the effective treatment of pathological conditions. Includes instruction in EEG technology, EMG technology, anatomy, and neuroanatomy."
51.0923,51,Orthopedic Technology/Technician.,"A program that prepares individuals, under the supervision of physicians, to cast, splint, and brace orthopedic injuries. Includes instruction in patient assessment; casting, splinting, and orthopedic appliances; radiographic interpretation; traction; and wound care."
51.1001,51,Blood Bank Technology Specialist.,"A program that prepares individuals to perform routine and specialized blood testing procedures, collect and process blood donations, and support physicians and other clinicians administering transfusion therapy.  Includes instruction in basic cellular biology, immunohematology, blood bank procedures, blood typing, antigen and antibody identification tests, hemolytic and transfusion responses and diseases, donor selection, blood drawing and storage, blood separation, viral marker testing, laboratory and personnel supervision, safety and sterilization, and applicable laws and regulations."
51.1002,51,Cytotechnology/Cytotechnologist.,"A program that prepares individuals to work with pathologists to detect changes in body cells that may indicate, and permit diagnosis of, the early development of cancers and other diseases.  Includes instruction in biochemistry, microbiology, applied mathematics, microscopy, slide preparation, identification of cellular structures and abnormalities, and laboratory procedures and safety."
51.1003,51,Hematology Technology/Technician.,"A program that prepares individuals, under the supervision of clinical laboratory scientists and health care professionals, to perform tests and analyses of blood samples.  Includes instruction in clinical laboratory procedures; blood anatomy and physiology; cellular and molecular biology; blood pathology and disease indicators; quantitative, qualitative, and coagulation testing methodologies; equipment operation and maintenance; and record-keeping."
51.1004,51,Clinical/Medical Laboratory Technician.,"A program that prepares individuals, under the supervision of clinical laboratory scientists/medical technologists, to perform routine medical laboratory procedures and tests and to apply preset strategies to record and analyze data.  Includes instruction in general laboratory procedures and skills; laboratory mathematics; medical computer applications; interpersonal and communications skills; and the basic principles of hematology, medical microbiology, immunohematology, immunology, clinical chemistry, and urinalysis."
51.1005,51,Clinical Laboratory Science/Medical Technology/Technologist.,"A program that prepares individuals to conduct and supervise complex medical tests, clinical trials, and research experiments; manage clinical laboratories; and consult with physicians and clinical researchers on diagnoses, disease causation and spread, and research outcomes. Includes instruction in the theory and practice of hematology, clinical chemistry, microbiology, immunology, immunohematology, physiological relationships to test results, laboratory procedures and quality assurance controls, test and research design and implementation, analytic techniques, laboratory management, data development and reporting, medical informatics, and professional standards and regulations."
51.1006,51,Ophthalmic Laboratory Technology/Technician.,"A program that prepares individuals, under the supervision of ophthalmologists and optometrists, to cut, grind, edge, and finish corrective lenses and to fabricate eyewear.  Includes instruction in optical theory, applied mathematics, lens surfacing and finishing, tinting and coating, impact resistance treatment and testing, frame construction and repair, prescription interpretation, equipment operation and maintenance, follow-up adjustment, record-keeping, and laboratory safety procedures."
51.1007,51,Histologic Technology/Histotechnologist.,"A program that prepares individuals, at the request of physicians, researchers, and laboratory scientists, to identify tissue structures and cell components and relate these findings to physiological functions and to the detection and diagnosis of diseases and other abnormalities.  Includes instruction in medical chemistry, histochemistry, biochemistry, anatomy, physiology, medical informatics, applied mathematics, electron microscopy, instrumentation, quality control procedures, data recording and analysis, laboratory administration, medical terminology, and professional standards and ethics."
51.1008,51,Histologic Technician.,"A program that prepares individuals, under the supervision of histotechnologists and other clinical laboratory scientists, to prepare and process tissue samples and perform routine histologic procedures and tests.  Includes instruction in fixation, dehydration, embedding, sectioning, decalcification, microincineration, mounting, routine and special steaming, laboratory mathematics, laboratory procedures and safety, instrumentation and microscopy, computer applications, preparation of museum specimens, and recording and administrative procedures."
51.1009,51,Phlebotomy Technician/Phlebotomist.,"A program that prepares individuals, under the supervision of physicians and other health care professionals, to draw blood samples from patients using a variety of intrusive procedures.  Includes instruction in basic vascular anatomy and physiology, blood physiology, skin puncture techniques, venipuncture, venous specimen collection and handling, safety and sanitation procedures, and applicable standards and regulations."
51.1010,51,Cytogenetics/Genetics/Clinical Genetics Technology/Technologist.,"A program that prepares individuals to perform analyses of the human genome and chromosomes for the research and diagnosis of genetic diseases and defects, in preparation for organ transplants, and in support of treatments for cancers and leukemias.  Includes instruction in chromosome analysis, fluorescent in situ hybridization (FISH), molecular genetic techniques, cytotechnology, and photomicrography."
51.1011,51,Renal/Dialysis Technologist/Technician.,"A program that prepares individuals to administer hemodialysis treatments to patients with renal failure under the supervision of a nurse or physician.  Includes instruction in basic anatomy and physiology, dialysis prescription interpretation, dialysite preparation, extracorporeal circuit and dialyzer set-up and maintenance, equipment monitoring, patient preparation, taking vital signs, documentation and communication, venipuncture and local anesthesia administration, emergency intervention, safety and sanitation, and professional standards and ethics."
51.1012,51,Sterile Processing Technology/Technician.,"A program that prepares individuals to clean, sterilize, and assemble surgical instruments, equipment, and supplies for use in operating rooms and other medical and surgical facilities. Includes instruction in sterilization; infection control; decontamination; and surgical instrumentation processing, distribution, and record-keeping."
51.1101,51,Pre-Dentistry Studies.,A program that prepares individuals for admission to a professional program in dentistry.
51.1102,51,Pre-Medicine/Pre-Medical Studies.,"A program that prepares individuals for admission to a professional program in medicine, osteopathic medicine, or podiatric medicine."
51.1103,51,Pre-Pharmacy Studies.,A program that prepares individuals for admission to a professional program in pharmacy.
51.1105,51,Pre-Nursing Studies.,A program that prepares individuals for admission to a professional program in Nursing.
51.1106,51,Pre-Chiropractic Studies.,A program that prepares individuals for admission to a professional program in chiropractic medicine.
51.1107,51,Pre-Occupational Therapy Studies.,A program that prepares individuals for admission to a professional program in occupational therapy.
51.1108,51,Pre-Optometry Studies.,A program that prepares individuals for admission to a professional program in optometry.
51.1109,51,Pre-Physical Therapy Studies.,A program that prepares individuals for admission to a professional program in physical therapy.
51.1110,51,Pre-Art Therapy.,A program that prepares individuals for admission to a professional art therapy program.
51.1111,51,Pre-Physician Assistant.,A program that prepares individuals for admission to a professional physician assistant program.
51.1201,51,Medicine.,"A program that prepares individuals for the independent professional practice of medicine, involving the prevention, diagnosis, and treatment of illnesses, injuries, and other disorders of the human body. Includes instruction in the basic medical sciences, clinical medicine, examination and diagnosis, patient communications, medical ethics and law, professional standards, and rotations in specialties such as internal medicine, surgery, pediatrics, obstetrics and gynecology, orthopedics, neurology, ophthalmology, radiology, clinical pathology, anesthesiology, family medicine, and psychiatry."
51.1202,51,Osteopathic Medicine/Osteopathy.,"A program that prepares individuals for the independent professional practice of osteopathic medicine, involving a combination of medical principles and procedures and osteopathic principles of holistic medicine and the relationship of the musculoskeletal system to general health.  Includes instruction in the basic medical sciences, preventive medicine, family and community medicine, medical informatics, disease systems, organ and physiologic systems, osteopathic principles and practice, osteopathic manipulative treatment, musculoskeletal and skin systems, clinical specialty rotations, medical ethics, and professional standards and practice management."
51.1203,51,Podiatric Medicine/Podiatry.,"A program that prepares individuals for the independent professional practice of podiatric medicine, involving the prevention, diagnosis, and treatment of diseases, disorders, and injuries to the foot and lower extremities.  Includes instruction in the basic medical sciences, anatomy of the lower extremity, functional orthopedics, foot biomechanics, podiatric radiology, dermatology, podiatric surgery, podopediatrics, sports medicine, physical diagnosis, emergency medicine and traumatology, practice management, and professional standards and ethics."
51.1401,51,Medical Science/Scientist.,"An undifferentiated clinical science program that prepares clinicians to conduct clinical and translational research in various areas. Note: programs that prepare clinicians to conduct research in specific scientific fields should report under the relevant CIP code series (e.g., Series 26 Biological and Biomedical Sciences)."
51.1402,51,Clinical and Translational Science.,"A program of study that prepares clinicians to direct a broad range of scientific or clinical or translational studies, translate scientific knowledge into clinical practice, and bridge clinical science with laboratory investigations. Includes instruction in bioinformatics, Information technology, biostatistics, epidemiology, grant writing, management and analysis of clinical data, clinical and translational research law and policy, responsible conduct of research, and scientific writing."
51.1403,51,Pain Management.,"A post-residency program of study that prepares physicians in the diagnosis, management, and treatment of acute and chronic pain. Includes instruction in anesthesiology, pain assessment, pain classification and diagnosis, pain neuroscience, palliative and end-of-life care, physical medicine and rehabilitation, psychiatry of pain, pain pharmacology, public policy, and legal issues of pain management."
51.1404,51,Temporomandibular Disorders and Orofacial Pain.,"A program that prepares clinicians to evaluate, diagnose, and treat of a wide variety of temporomandibular disorders (TMD) and orofacial pain disorders as well as the treatment of sleep apnea and snoring with intraoral appliances. Includes instruction in head and neck anatomy, physical diagnosis and evaluation, orofacial pain, neurobiology of pain and analgesia, and diagnostic radiography."
51.1405,51,Tropical Medicine.,"A program that prepares clinicians to prevent and control vector-borne and tropical infectious diseases. Includes instruction in microbiology, parasitology, mycology, virology, vector biology, vaccinology, laboratory diagnosis, travelers' health, epidemiology, and disease management."
51.1501,51,Substance Abuse/Addiction Counseling.,"A program that prepares individuals to help prevent substance abuse, counsel individuals and families with drug and alcohol problems, and perform intervention and therapeutic services for persons suffering from addiction.  Includes instruction in individual and group counseling skills, psychology of addiction, sociology, crisis intervention, substance abuse identification methodologies, substance abuse treatment modalities, substance abuse prevention and treatment resources, pharmacology and behavioral aspects of abused substances, treatment evaluation, patient observation and education, group dynamics, professional standards and ethics, and applicable law and regulations."
51.1502,51,Psychiatric/Mental Health Services Technician.,"A program that prepares individuals, under the supervision of psychiatrists, psychologists, nurses, and other mental health care professionals, to provide direct patient care services, assist in developing and implementing treatment plans, administer medications, and perform related administrative functions.  Includes instruction in mental health theory, applied psychopathology, patient communication and management, crisis intervention, psychotropic medication, mental health treatment procedures, substance abuse, record-keeping, clinical administrative skills, and applicable standards and regulations."
51.1503,51,Clinical/Medical Social Work.,"A program that prepares individuals for the specialized professional practice of social work, in collaboration with other health care professionals, in hospitals and other health care facilities and organizations.  Includes instruction in social work, psychiatric case work, clinical interviewing techniques, therapeutic intervention strategies, patient testing and evaluation, patient and family counseling, social rehabilitation, patient care planning, record-keeping, and support services liaison."
51.1504,51,Community Health Services/Liaison/Counseling.,"A program that prepares individuals to serve as facilitators, advocates, and referral professionals linking health care and related social services with affected recipient communities.  Includes instruction in public and community health, human and social services, health services administration, group counseling, health education, group advocacy, cross-cultural and multilingual communication, and applicable laws and policies."
51.1505,51,Marriage and Family Therapy/Counseling.,"A program that prepares individuals for the independent professional practice of marriage and family therapy, involving the diagnosis of cognitive, affective, and behavioral domain disorders, both mental and emotional, within the context of marriage and family systems and the application of short- and long-term therapeutic strategies in family group contexts.  Includes instruction in psychotherapy, family systems and studies, small group intervention and therapy, marital problems, depression, identification of psychopathologies and behavioral disorders, holistic health care, practice management, applicable regulations, and professional standards and ethics."
51.1506,51,Clinical Pastoral Counseling/Patient Counseling.,"A program that prepares individuals, including but not limited to, ordained clergy and other counseling professionals to respond to the emotional and/or spiritual needs of patients and families in health care emergencies and other situations, and to consult with and counsel other health care professionals. Includes instruction in advanced interpersonal communication; individual and small group counseling; interdisciplinary teamwork; crisis management; extended care relationships; self-analysis; medical ethics; pastoral care art; spiritual dimensions of human growth and health; counseling psychology and therapy; and applications to grief, death, emotional collapse, injury, individual/family adjustment, and chronic illness situations."
51.1507,51,Psychoanalysis and Psychotherapy.,"A program that prepares individuals to practice the provision of psychoanalytic counseling to individuals and groups based on the psychodynamic principles evolved from authorities such as Freud, Adler, and Jung.  Includes instruction in self-analysis, personality theory, dream analysis, free association and transference theory and techniques, psychodynamic theory, developmental processes, applications to specific clinical conditions, practice management, and professional standards and ethics."
51.1508,51,Mental Health Counseling/Counselor.,"A program that prepares individuals to provide evaluations, referrals, and short-term counseling services to help people prevent or remediate personal problems, conflicts, and emotional crises.  Includes instruction in human development, psychopathology, individual and group counseling, personality theory, career assessment, patient screening and referral, observation and testing techniques, interviewing skills, professional standards and ethics, and applicable laws and regulations."
51.1509,51,Genetic Counseling/Counselor.,"A program that prepares individuals to counsel patients and families concerning inherited genetic disorders and diseases; assess risk factors and planning options associated with potential and actual inherited conditions; and serve as patient advocates and provide referral services in relation to private and public support services.  Includes instruction in clinical/medical genetics, methods of genetic testing, interviewing and counseling skills, genetic and support services delivery, principles of public health, medical ethics, law and regulations, patient advocacy, and professional standards."
51.1510,51,Infant/Toddler Mental Health Services.,"A program that prepares individuals to provide mental health services to infants, toddlers, and preschoolers and their families. Includes instruction in developmental psychology, cognitive and biological development, social and emotional development, research methods, and ethics."
51.1511,51,Medical Family Therapy/Therapist.,"A program that prepares individuals to work with patients and their families who are experiencing emotional, physical, relational and spiritual difficulties related to acute and chronic illnesses. Includes instruction in cultural context, ethics, family dynamics, family therapy, gender, human development, marriage counseling, psychopathology, research design and methods, sexuality, and systems thinking."
51.1512,51,Hospice and Palliative Care.,"A program of study that prepares individuals to work with patients in hospice and palliative care and focuses on the physical, psychological, spiritual, and social needs of patients and families affected by advanced illness. Includes instruction in aging, thanatology, pharmacology, complementary and integrative therapies, pathophysiology, and ethics."
51.1513,51,Trauma Counseling.,"A program that focuses on understanding elements of traumatic exposure, trauma-sensitive care, and crisis intervention. Includes instruction in disaster response, grief and loss counseling, crisis intervention and management, trauma counseling, neurobiology of trauma, PTSD and combat-related trauma, relational trauma and treatment of trauma-related disorders."
51.1701,51,Optometry.,"A program that prepares individuals for the independent professional practice of optometry and that focuses on the principles and techniques for examining, diagnosing and treating conditions of the visual system. Includes instruction in prescribing glasses and contact lenses, other optical aids, corrective therapies, patient counseling, physician referral, practice management, and ethics and professional standards."
51.1801,51,Opticianry/Ophthalmic Dispensing Optician.,"A program that prepares individuals to adapt and fit corrective eyewear, including eyeglasses and contact lenses, as prescribed by ophthalmologists or optometrists; to assist patients in selecting appropriate frames; and to prepare work orders for ophthalmic laboratory technicians.  Includes instruction in geometrical optics, ophthalmic optics, anatomy of the eye, optical instrumentation, use and maintenance of adjustment and cleaning tools, prescription interpretation, contact lens adaptation and fitting, prosthesis fitting, facial and eye measuring, pathology identification, record-keeping, and patient and business administrative tasks."
51.1802,51,Optometric Technician/Assistant.,"A program that prepares individuals to assist optometrists in providing patient care, administering examinations and treatments, and performing office administrative functions.  Includes instruction in applied anatomy and physiology of the eye, visual testing, patient communication, patient preparation, medications and administration, dispensing and fitting of eyeglasses and contact lenses, record-keeping, and office management skills."
51.1803,51,Ophthalmic Technician/Technologist.,"A program that prepares individuals to assist ophthalmologists and optometrists in examining and treating patients with vision problems, vision disorders, and eye diseases.  Includes instruction in taking patient histories, administering directed treatments and topical medications, diagnostic test procedures and equipment operation, anatomical and functional ocular measurements, patient care and instruction, ophthalmic and surgical equipment maintenance, safety and sterilization procedures, and office administrative procedures."
51.1804,51,Orthoptics/Orthoptist.,"A program that prepares individuals, under the supervision of ophthalmologists, to analyze, evaluate, and treat specific disorders of vision, eye movement, and eye alignment in children and adults.  Includes instruction in eye anatomy, neuroanatomy, physiology, pharmacology, ophthalmic optics, diagnostic testing and measurement, orthoptic treatment therapy, systemic ocular diseases and disorders, principles of surgery, examination techniques, patient education, child psychology and development, learning disabilities, medical writing, and record-keeping."
51.2001,51,Pharmacy.,"A program that prepares individuals for the independent or employed practice of preparing and dispensing drugs and medications in consultation with prescribing physicians and other health care professionals, and for managing pharmacy practices and counseling patients.   Includes instruction in mathematics, physics, chemistry, biochemistry, anatomy, physiology, pharmacology, pharmaceutical chemistry, pharmacognosy, pharmacy practice, pharmacy administration, applicable regulations, and professional standards and ethics."
51.2002,51,Pharmacy Administration and Pharmacy Policy and Regulatory Affairs.,"A program that prepares individuals to apply managerial, social, and economic sciences to the study and management of the distribution and use of pharmaceutical products and the provision of pharmacy services.  Includes instruction in research design and methods, statistics, social and organizational behavior, pharmacoeconomics, management of pharmacy services, outcomes research, product planning and reimbursement, cost-benefit analysis, drug marketing, pharmacy and pharmaceutics law and regulation, risk assessment, and organization of the health care system."
51.2003,51,Pharmaceutics and Drug Design.,"A program that focuses on the scientific study of the formulation of medicinal substances into product vehicles capable of being stored, transported, and then introduced into the patient and behaving in ways optimal to therapeutic interaction.  Includes instruction in statistics, biopharmaceutics, drug metabolism, pharmacokinetics, pharmacodynamics, physical pharmacy, pharmacological analysis, drug design and development, pharmacological biotechnology, chemical separations, spectroscopy, drug-host interactions, immunology, quantitative drug measurement, enzymatic transformations, and metabolic excretion."
51.2004,51,Medicinal and Pharmaceutical Chemistry.,"A program that focuses on the application of chemistry to the study of biologically and clinically active substances, biological and pharmacological interactions, and the development of associated research methods, techniques, and clinical trial procedures.  Includes instruction in organic chemistry, biochemistry, molecular graphics, rational drug design, toxicology, molecular biology, pharmacology, enzyme mechanisms, receptor theory, neurochemistry, drug metabolism, drug synthesis, biological mechanisms of drug action, research tools and techniques, and laboratory safety."
51.2005,51,Natural Products Chemistry and Pharmacognosy.,"A program that focuses on the scientific study of biologically active compounds found in naturally occurring sources such as plants, animals, and microbes and their use and/or modification as medicinal substances.  Includes instruction in medicinal chemistry, organic medicinals, pharmacological therapeutics, pharmacokinetics, molecular biology, structural chemistry, enzymes, nucleic acids, economic botany, ethnobotany, bioprospecting, bioassay, compound identification and isolation, mass spectrometry, and analytical instrumentation and techniques."
51.2006,51,Clinical and Industrial Drug Development.,"A program that focuses on the scientific application of pharmacology, pharmaceutics, and industrial management to the development, production, marketing, and distribution of pharmaceutical products.  Includes instruction in industrial microbiology, plasmids, expression vectors, protein chemistry, assay and evaluation, drug synthesis and purification, quality control, industrial management, production security, patent procedures, intellectual property regulations and issues, patent enforcement and defense, and research design and testing."
51.2007,51,Pharmacoeconomics/Pharmaceutical Economics.,"A program that focuses on the application of economics and policy analysis to the study of the relationship of pharmacy services and pharmaceutical processes and products to the health care system and their impact on health care organizations.  Includes instruction in health economics, pharmacoeconomics, health care systems, health care organization and management, statistics and biostatistics, outcomes research, health care policy, pharmacy services, and pharmaceutical industry operations."
51.2008,51,"Clinical, Hospital, and Managed Care Pharmacy.","A program that prepares individuals to deliver specialized pharmacy services and produce pharmaceutical products in clinical settings in conjunction with other health care professionals.  Includes instruction in biostatistics; clinical pharmacokinetics; biopharmaceutics; neuropharmacology; pharmacodynamics; drug metabolism; clinical sampling and research design; drug delivery systems; chemotherapy; pharmacotherapy; clinical pharmacy management; medical and research ethics; and applications to nuclear, nutrition support, oncology, psychiatric, and therapeutic pharmacy."
51.2009,51,Industrial and Physical Pharmacy and Cosmetic Sciences.,"A program that focuses on the application of pharmaceutical sciences and pharmacy to the study of pharmaceuticals production and distribution, and prepares individuals to manage pharmaceutical industry operations.  Includes instruction in pharmacoeconomics, industrial management, operations management, preformulation evaluation, product formulation/reformulation, drug product development, stability testing, dosage design, pilot scale-up, drug marketing, quality control, drug information, and legal and regulatory affairs."
51.2010,51,Pharmaceutical Sciences.,"A program that focuses on the basic sciences that underlie drugs and drug therapy and that prepares individuals for further study and/or careers in pharmaceutical science and research, pharmaceutical administration and sales, biotechnology, drug manufacturing, regulatory affairs, and related fields. Includes instruction in mathematics, biology, chemistry, physics, statistics, pharmaceutics, pharmacology and toxicology, dosage formulation, manufacturing, quality assurance, and regulations."
51.2011,51,Pharmaceutical Marketing and Management.,"A program that combines the study of basic and pharmaceutical sciences with marketing and management studies; and that prepares individuals for careers in pharmaceutical sales, marketing, management, and related fields within the health care industry. Includes instruction in biology, chemistry, pharmaceutics, pharmacology, health care systems, issues and structure of pharmaceutical industry, management, pharmaceutical marketing, pharmaceutical and medical product management, and legal issues."
51.2201,51,"Public Health, General.","A program that generally prepares individuals to plan, manage, and evaluate public health care services; to function as public health professionals in public agencies, the private sector, and other settings; and to provide leadership in the field of public health. Includes instruction in epidemiology, biostatistics, public health principles, preventive medicine, health policy and regulations, health care services and related administrative functions, public health law enforcement, health economics and budgeting, public communications, and professional standards and ethics."
51.2202,51,Environmental Health.,"A program that focuses on the application of environmental sciences, public health, the biomedical sciences, and environmental toxicology to the study of environmental factors affecting human health, safety, and related ecological issues, and prepares individuals to function as professional environmental health specialists. Includes instruction in epidemiology, biostatistics, toxicology, public policy analysis, public management, risk assessment, communications, environmental law, occupational health and safety emergency response, and applications such as air quality, food protection, radiation protection, solid and hazardous waste management, water quality, soil quality, noise abatement, housing quality, and environmental control of recreational areas."
51.2205,51,Health/Medical  Physics.,"A program that focuses on the application of physics, nuclear science, and engineering physics to diagnostic, treatment, and therapeutic processes and public health protection.  Includes instruction in radiation biophysics, biophysics, health effects of natural and artificially induced radiation, hazard evaluation, environmental radioactivity, nuclear physics, engineering physics, radiobiology, medical radiology, calibration and dosage theory, computer applications and medical informatics, and specific research problems."
51.2206,51,Occupational Health and Industrial Hygiene.,"A program that prepares public health specialists to monitor and evaluate health and related safety standards in industrial, commercial, and government workplaces and facilities.  Includes instruction in occupational health and safety standards and regulations; health-related aspects of various occupations and work environments; health hazard testing and evaluation; test equipment operation and maintenance; industrial toxicology; worker health and safety education; and the analysis and testing of job-related equipment, behavior practices, and protective devices and procedures."
51.2207,51,Public Health Education and Promotion.,"A program that focuses on  the application of educational and communications principles and methods to the promotion of preventive health measures and the education of targeted populations on health issues, and prepares individuals to function as public health educators and health promotion specialists.  Includes instruction in human development, health issues across the life span, population-specific health issues, principles and methods of public health education, administration of health education campaigns and programs, evaluation methods, public communications, and applications to specific public health subjects and issues."
51.2208,51,Community Health and Preventive Medicine.,"A program that prepares public health specialists to plan and manage health services in local community settings, including the coordination of related support services, government agencies, and private resources.  Includes instruction in public health, community health services and delivery, health behavior and cultural factors, local government operations, human services, health communication and promotion, health services administration in local settings, environmental health, preventive and comparative medicine, epidemiology, biostatistics, family and community health, and applicable law and regulations."
51.2209,51,Maternal and Child Health.,"A program that focuses on the application of public health specializations, public policy studies, and the social and behavioral sciences to issues of health affecting women, children, and families; and prepares individuals to function as maternal and child health specialists.  Includes instruction in research design and testing, program evaluation, public policy analysis, public finance, economics of health care, community health, family development and dynamics, women's studies, social psychology, fetal and child development, biostatistics, health education and promotion, nutrition, neonatal development, psychology, and social services delivery."
51.2210,51,International Public Health/International Health.,"A program that focuses on the application of public health specializations, the social and behavioral sciences, and policy and communications methods to the study of health problems in low- and middle-income countries and regions, and prepares individuals to function as professional international health specialists.  Includes instruction in health education and promotion, research design and evaluation, infectious disease epidemiology, international health policy and management, public nutrition and food security, information systems, program evaluation, medical anthropology, international communication, behavioral sciences, maternal and child health, demography and population policy, and health care finance and economics."
51.2211,51,Health Services Administration.,"A program that focuses on the application of policy analysis, public administration, business management, and communications to the planning and management of health services delivery systems in the public and private sectors, and prepares individuals to function as health services administrators and managers.  Includes instruction in health systems planning, public health organization and management, pubic health policy formulation and analysis, finance, business and operations management, economics of health care, organizational and health communications, marketing, human resources management, and public health law and regulations."
51.2212,51,Behavioral Aspects of Health.,"A program that focuses on the biological, behavioral, and socio-cultural determinants of health and health behavior, and the interventions and policies aimed at improving community and population health. Includes instruction in behavioral sciences, public health practice and policy, human services, and research methods."
51.2213,51,Patient Safety and Healthcare Quality.,"A program that focuses on the application of transformative mechanisms and evidence-based protocols to reduce preventable patient harm and improve clinical outcomes. Includes instruction in healthcare quality, patient safety, research methods, program evaluation, epidemiology, legal and regulatory compliance, systems thinking, human factors engineering, and risk management."
51.2214,51,Public Health Genetics.,"A program that prepares individuals to respond to the complex social, legal, ethical, and public health policy implications generated by genetic research. Includes instruction in biochemical genetics of complex diseases, bioethics, chromosomes and human disease, genetic counseling, genetic epidemiology, gene mapping, human population genetics, and the molecular basis of human inherited disease."
51.2301,51,Art Therapy/Therapist.,"A program that prepares individuals, in consultation with other rehabilitation team members or in private practice, to use drawing and other art media forms to assess, treat, and rehabilitate individuals with mental, emotional, developmental, or physical disorders.  Includes instruction in art, history and theory of art therapy, art therapeutic techniques, psychopathology, patient assessment and diagnosis, cultural diversity issues, legal and ethical practice issues, and professional standards and regulations."
51.2302,51,Dance Therapy/Therapist.,"A program that prepares individuals, in consultation with other rehabilitation team members or in private practice, to use the therapeutic application of creative dance movement to assist in promoting client rehabilitation and physical, emotional, and mental health.  Includes instruction in neuroanatomy, personality development, movement and motor behavior, psychology, dance, creative expression modalities, improvisation, group psychology and leadership, client evaluation and supervision, dance therapy practice, and professional standards and ethics."
51.2305,51,Music Therapy/Therapist.,"A program that prepares individuals, in association with a rehabilitation team or in private practice, to use music in therapeutic relationships to address the physical, psychological, cognitive, emotional, and social needs of clients. Includes instruction in music theory and performance, human growth and development, biomedical sciences, abnormal psychology, disabling conditions, patient assessment and diagnosis, treatment plan development and implementation, clinical evaluation, record-keeping, and professional standards and ethics."
51.2306,51,Occupational Therapy/Therapist.,"A program that prepares individuals to assist patients limited by physical, cognitive, psychosocial, mental, developmental, and learning disabilities, as well as adverse environmental conditions, to maximize their independence and maintain optimum health through a planned mix of acquired skills, performance motivation, environmental adaptations, assistive technologies, and physical agents.  Includes instruction in the basic medical sciences, psychology, sociology, patient assessment and evaluation, standardized and non-standardized tests and measurements, assistive and rehabilitative technologies, ergonomics, environmental health, special education, vocational counseling, health education and promotion, and professional standards and ethics."
51.2307,51,Orthotist/Prosthetist.,"A program that prepares individuals, in consultation with physicians and other therapists, to design and fit orthoses for patients with disabling conditions of the limbs and/or spine, and prostheses for patients who have partial or total absence of a limb or significant superficial deformity.  Includes instruction in biomechanics, gait analysis, pathomechanics, kinesiology, pathology, neuroanatomy, materials science, diagnostic imaging, patient analysis and measurement, impression taking, model rectification, assistive/restorative technology and engineering applications, product finishing, diagnostic and definitive fitting and alignment, power devices, postoperative management, and patient counseling and follow-up."
51.2308,51,Physical Therapy/Therapist.,"A program that prepares individuals to evaluate, examine, diagnose, and alleviate physical functional impairments and limitations caused by injury or disease through the design and implementation of therapeutic interventions to promote fitness and health. Includes instruction in anatomy, behavioral sciences, biology, biomechanics, biophysical agents, care plan development and documentation, cellular histology, clinical evaluation and measurement, clinical reasoning, communication, exercise physiology, kinesiology, neuroscience, pharmacology, pathology, physiology, professional standards and ethics, rehabilitation psychology, and therapeutic exercise."
51.2309,51,Therapeutic Recreation/Recreational Therapy.,"A program that prepares individuals to plan, organize, and direct recreational activities designed to promote health and well-being for patients who are physically, mentally, or emotionally disabled.  Includes instruction in the foundations of therapeutic recreation, leisure education and counseling, program planning, therapeutic recreational modalities, basic anatomy and physiology, psychology, medical terminology, human growth and development, patient observation and evaluation, special needs populations, and professional standards and ethics."
51.2310,51,Vocational Rehabilitation Counseling/Counselor.,"A program that prepares individuals to counsel and assist disabled individuals and recovering patients in order to achieve their greatest physical, mental, social, educational, and vocational potential. Includes instruction in patient evaluation and testing, rehabilitation program planning, patient support services and referral, job analysis, adjustment psychology, rehabilitation services provision, patient counseling and education, applicable law and regulations, and professional standards and ethics."
51.2311,51,Kinesiotherapy/Kinesiotherapist.,"A program that prepares individuals, under the direction of physicians, to treat the effects of disease, injury, and congenital disorders through therapeutic exercise and education.  Includes instruction in human anatomy, human physiology, kinesiology, biomechanics, therapeutic exercise and adapted physical education, human growth and development, motor learning and performance, testing and measurement, first aid and cardiopulmonary resuscitation, psychology, rehabilitation procedures, patient assessment and management, and professional standards and ethics."
51.2312,51,Assistive/Augmentative Technology and Rehabilitation Engineering.,"A program that prepares individuals to apply the principles of psychology, engineering, and occupational therapy to the design and implementation of technological interventions and systems to promote patient rehabilitation and function.  Includes instruction in ergonomics, seating and mobility design, universal and near environment systems design, rehabilitation research, rehabilitation biomechanics, access and communications design, microprocessor-based technologies, neurological trauma, standards and testing, and service delivery management."
51.2313,51,Animal-Assisted Therapy.,"A program that prepares health and human service professionals to integrate the use of animals into their treatment practices in order to facilitate change in people with mental and physical disabilities. Includes instruction in psychology, psychology of disabilities, animal behavior, animal training, the human-animal bond, integration of animals into therapeutic settings, and ethical and cultural issues."
51.2314,51,Rehabilitation Science.,"A program that focuses on human function, disability, and rehabilitation from the perspectives of the health sciences, social sciences, psychology, engineering, and related fields. Includes instruction in psychological, social, and cultural aspects of disability and rehabilitation; sensory and motor function and dysfunction; biomechanics and kinesiology; assistive technology; rehabilitation instrumentation and methodology; statistics; and health and rehabilitation policy."
51.2315,51,Drama Therapy/Therapist.,"A program that prepares individuals, in association with a rehabilitation team or in private practice, to use dramatic play, theater, role play, psychodrama, and dramatic ritual in therapeutic relationships to address the physical, psychological, cognitive, emotional, and social needs of clients. Includes instruction in drama theory and performance, human growth and development, biomedical sciences, abnormal psychology, disabling conditions, patient assessment and diagnosis, treatment plan development and implementation, clinical evaluation, record-keeping, and professional standards and ethics."
51.2316,51,Horticulture Therapy/Therapist.,"A program that focuses on plant science and horticulture techniques to achieve measurable physical and mental health outcomes for individuals with physical or mental challenges. Includes instruction in abnormal psychology, adult development and aging, botany, facilities design, horticultural therapy, plant pathology, people-plant relationships, and psychology."
51.2317,51,Play Therapy/Therapist.,"A program that prepares individuals to be a Registered Play Therapist (RPT) or a School Based-Registered Play Therapist (SB-RPT). Includes instruction in child development, theories of personality, psychotherapy, child and adolescent psychopathology, and ethics."
51.2601,51,Health Aide.,"A program that prepares individuals to provide routine care and assistance to patients under the direct supervision of other health care professionals, and/or to perform routine maintenance and general assistance in health care facilities and laboratories."
51.2602,51,Home Health Aide/Home Attendant.,"A program that prepares individuals to provide routine care and support services for homebound disabled, recovering, or elderly people.  Includes instruction in basic nutrition, home sanitation, infection control, first aid, taking vital signs, personal hygiene, interpersonal communication skills, supervised home management, emergency recognition and referral, geriatric care, and legal and ethical responsibilities."
51.2603,51,Medication Aide.,"A program that prepares individuals to administer prescribed medications; observe and report patient reactions and side effects; and perform related emergency and recording duties under the supervision of nurses and/or physicians.  Includes instruction in basic anatomy and physiology, common medications and their effects, taking vital signs, oxygen administration, medication administration and application, record-keeping, and patient observation."
51.2604,51,Rehabilitation Aide.,"A program that prepares individuals to assist in rehabilitation services under the supervision of occupational therapists, speech-language pathologists, and other therapeutic professionals, and to perform routine functions in support of rehabilitation. Includes instruction in roles and responsibilities of rehabilitation providers, basic function of the human body, disabling conditions, therapeutic skills, client management, and communication skills."
51.2605,51,Physical Therapy Technician/Aide.,"A program that prepares individuals to assist in rehabilitation services under the supervision of physical therapists, and to perform routine functions in support of physical therapy and rehabilitation. Includes instruction in applied kinesiology, basic function of the human body, communication skills, principles and procedures of physical therapy, physical therapy modalities, and professional ethics."
51.2703,51,Medical Illustration/Medical Illustrator.,"A program that prepares individuals to apply the principles and techniques of art and computer-assisted imaging, graphics, and animation to create visual materials to facilitate the recording and dissemination of biomedical knowledge for educational, research, and clinical purposes.  Includes instruction in anatomy, physiology, pathology, histology, embryology, neuroanatomy, medical terminology, artistic media and techniques, illustration techniques, three-dimensional modeling, prosthetics, data display design, exhibit design and production, medical photography, multimedia, computer graphics and animation, digital imaging, business management, production technology, and instructional design."
51.2706,51,Medical Informatics.,"A program that focuses on the application of computer science and software engineering to medical research and clinical information technology support, and the development of advanced imaging, database, and decision systems.  Includes instruction in computer science, health information systems architecture, medical knowledge structures, medical language and image processing, quantitative medical decision modeling, imaging techniques, electronic medical records, medical research systems, clinical decision support, and informatics aspects of specific research and practice problems."
51.3101,51,Dietetics/Dietitian.,"A program that prepares individuals to integrate and apply the principles of the food and nutrition sciences, human behavior, and the biomedical sciences to design and manage effective nutrition programs in a variety of settings.  Includes instruction in human nutrition; nutrient metabolism; the role of foods and nutrition in health promotion and disease prevention; planning and directing food service activities; diet and nutrition analysis and planning; supervision of food storage and preparation; client education; and professional standards and regulations."
51.3102,51,Clinical Nutrition/Nutritionist.,"A program that prepares individuals to apply the principles of dietetics and the biomedical and nutrition sciences to design and manage effective nutrition programs as part of clinical treatment and therapy programs, and to manage health care facility food services.  Includes instruction in human nutrition, nutrient metabolism, the role of foods and nutrition in health promotion and disease prevention, nutrition as a treatment regime, planning and directing hospital food service programs, diet and nutrition analysis and planning, supervision of food storage and preparation, special diets, client education, and professional standards and regulations."
51.3103,51,Dietetic Technician.,"A program that prepares individuals, under the supervision of registered dietitians and nutritionists, to implement nutritional and dietetic plans and provide direct client and patient services.  Includes instruction in human nutrition, client interviewing and record keeping, dietary planning, food preparation and safety, food worker supervision, food service establishment monitoring and inspection, and applicable procedures and regulations."
51.3104,51,Dietitian Assistant.,"A program that prepares individuals to assist registered dietitians in planning, preparing and serving meals to individuals with specific dietary needs.  Includes instruction in equipment use, food preparation, diet regulations, food handling, safety and sanitary standards and administrative techniques and procedures."
51.3201,51,Bioethics/Medical Ethics.,"A program that focuses on the application of ethics, religion, jurisprudence, and the social sciences to the analysis of health care issues, clinical decision making, and research procedures. Includes instruction in philosophical ethics, moral value, medical sociology, theology, spirituality and health, policy analysis, decision theory, and applications to problems such as death and dying, therapeutic relationships, organ transplantation, human and animal subjects, reproduction and fertility, health care justice, cultural sensitivity, needs assessment, professionalism, conflict of interest, chaplaincy, and clinical or emergency procedures."
51.3202,51,Health Professions Education.,"A program that focuses on education and administration leadership skills for clinical educators across health professions and specialties. Includes instruction in academic leadership, assessment, clinical decision making, curriculum development, ethics, primary care education, program evaluation, research methods, and statistics."
51.3203,51,Nursing Education.,"A program that prepares registered nurses to teach in academic and clinical settings, including staff development. Includes instruction in advanced nursing practice, nursing role development, curriculum and instruction, program and course design, clinical instruction, and evaluation of learning."
51.3204,51,Medical/Health Humanities.,"A program that explores the ethical, historical, literary, philosophical, and religious dimensions of medicine or health. Includes instruction in art, cultural studies, economics, ethics, history, literature, medical anthropology, philosophy, religion and spiritual thought, science and technology, visual art, and writing."
51.3205,51,History of Medicine.,"A program that focuses on the historical evolution and socio-economic context of medical theories, education, practices, and technologies; and on the history of diseases, therapeutics, patients, and healers. Includes instruction in the concepts and methods of the historiography of medicine; the history of science, medicine, and technology; and of research methods in the history of medicine."
51.3206,51,Arts in Medicine/Health.,"A program that focuses on the design, implementation, and management of programs that use the visual and performing arts in support of health and wellness among diverse individuals and communities. Includes instruction in dance, literary arts, music, theatre, healthcare systems, program administration, and public health."
51.3301,51,Acupuncture and Oriental Medicine.,"A program that prepares individuals for the independent professional practice of acupuncture, a Chinese system of health care and healing based on the use of pulse diagnosis, acupuncture point selection, and needle insertion, as well as herbs and other Asian treatment modalities. Includes instruction in basic Western medical sciences, Asian philosophy, Chinese medical anatomy and physiology, Chinese herbs, diagnostic techniques, patient observation and communication, acupuncture points and point selection, acupuncture techniques, acupuncture treatment of disease, pain management, practice management, and professional standards and ethics."
51.3302,51,Traditional Chinese Medicine and Chinese Herbology.,"A program that prepares individuals for the independent professional practice of Chinese herbal medicine, a system based on the use of nutrition, natural products, and prescribed medical formulae to treat imbalances in the state of bodily health as defined in the Nei Ching Su Wen and other authorities.  Includes instruction in the basic Western medical sciences, history and theory of Chinese medicine, Chinese medical anatomy and physiology, Chinese herbology, herbal prescription preparation, herbal patent medicine, herbal pharmacology, Chinese internal medicine and gynecology, febrile diseases, food therapy, practice management, and professional standards and ethics."
51.3303,51,Naturopathic Medicine/Naturopathy.,"A program that prepares individuals for the independent professional practice of naturopathic medicine, an holistic therapeutic approach combining medical knowledge with noninvasive natural, homeopathic, and non-Western therapies and emphasizing disease prevention, wellness, and self-healing.  Includes instruction in the basic medical sciences, epidemiology, neuroscience, biostatistics, public and community health, laboratory and clinical diagnosis, pharmacognosy, botanical medicine, homeopathy, principles of Oriental medicine and Ayurveda, manipulative therapy, naturopathic therapeutics, therapeutic nutrition, case analysis and management, philosophy of naturopathy, patient counseling, practice management, and professional standards and ethics."
51.3304,51,Homeopathic Medicine/Homeopathy.,"A program that prepares individuals for the independent professional practice of homeopathic medicine, an holistic therapeutic system using naturally occurring substances in highly diluted forms to mimic symptoms of illness and trigger autoimmune responses, based on the law of similars and other principles derived from the work of Samuel Hahnemann and others.  Includes instruction in anatomy, physiology, pathology, toxicology, philosophy and theory of homeopathy, casetaking and case analysis, repertory, materia medica, constitutional typing, proving, practice management, and professional standards and ethics."
51.3305,51,Ayurvedic Medicine/Ayurveda.,"A program that prepares individuals for the independent professional practice of Ayurveda, a holistic health care system based on the use of dietary, lifestyle, spiritual, pharmacological and physical therapies to remove imbalances and restore health as defined in Vedic and other classical Sanskrit authorities in the Indian tradition.  Includes instruction in Sanskrit; history, philosophy, and principles of Ayurveda; Ayurvedic pharmacology; anatomy and physiology; internal medicine; herbology; diagnostic techniques; patient examination and communication; therapeutic modalities; detoxification theory and practice; mind and body behavior modification; Yoga; clinical pediatrics and gynecology; diet therapies; treatment of specific diseases; and professional standards and ethics."
51.3306,51,Holistic/Integrative Health.,"A program that focuses on the holistic interconnectedness of physical, psychological, social, spiritual, and environmental well-being and that integrates aspects of alternative, complementary, and conventional medicine to alleviate illness and promote, maintain, and optimize wellness. Includes instruction in anatomy and physiology, alternative diagnostic and healing methods, aromatherapy, biofeedback, energy medicine, environmental psychology, ethics, health coaching, herbal medicine, mind-body medicine, mindfulness, nutrition, somatic bodywork, and stress management."
51.3401,51,Direct Entry Midwifery.,"A program that prepares individuals to provide pre-natal, natural birth, and immediate postpartum care to pregnant women in jurisdictions licensing direct (non-nursing) training for midwives.  Includes instruction in basic obstetrics, women's health, fetal development, childbirth education, maternal nutrition and health, labor support, natural childbirth, postpartum support, prebirth counseling and risk screening, management of obstetric emergencies, patient referral, applicable regulations, and professional standards and ethics."
51.3501,51,Massage Therapy/Therapeutic Massage.,"A program that prepares individuals to provide relief and improved health and well-being to clients through the application of manual techniques for manipulating skin, muscles, and connective tissues.  Includes instruction in Western (Swedish) massage, sports massage, myotherapy/trigger point massage, myofascial release, deep tissue massage, cranio-sacral therapy, reflexology, massage safety and emergency management, client counseling, practice management, applicable regulations, and professional standards and ethics."
51.3502,51,Asian Bodywork Therapy.,"A program that prepares individuals to provide relief and improved health and well-being based on Chinese medical principles through one or more of the traditional bodywork therapies of Asia.  Includes instruction in acupressure, AMMA(r) Therapy, Chi Nei Tsang, Five Element Shiatsu, Integrative Eclectic Shiatsu, Japanese Shiatsu, Jin Shin Do(r) Bodymind Acupressure(tm), Macrobiotic Shiatsu, Anma Therapy, Thai massage, Tui na, Zen Shiatsu, Qigong, Okazaki(r) Restorative Massage, principles of Western and Chinese medicine, patient counseling and observation, practice management, applicable regulations, and professional standards and ethics."
51.3503,51,Somatic Bodywork.,"A program that prepares individuals to promote physical and emotional balance and well-being through the application of skilled touch principles and techniques.  Includes instruction in therapeutic massage and other hands-on touch methods, anatomy and physiology, structural/functional integration and various holistic health systems (Rolfing/Structural Integration, colon hydrotherapy, Breema, Hellerwork, lymphatic drainage, Rosen Method, hydrotherapy, and others), client counseling, practice management, and applicable regulations and professional standards."
51.3601,51,Movement Therapy and Movement Education.,"A program that prepares individuals to use functional and expressive integration strategies to help promote somatic awareness and optimal psychophysical functioning.  Includes instruction in skilled touch techniques, kinesthetic awareness processes, movement observation, patterning, client assessment and guidance, verbal and nonverbal communication, practice management, professional standards and ethics, and specific therapeutic and educational modalities"
51.3602,51,Yoga Teacher Training/Yoga Therapy.,"A program that prepares individuals to function as professional instructors in the spiritual and physical therapy of Yoga in private, institutional, and clinical settings.  Includes instruction in the principles of Ayurveda, philosophy of Yoga, warm-up and progressive exercises, breathing exercises, meditation, Yamas and Niyamas, instructional techniques, posture adjustment, student/client counseling and assessment, advanced Yoga disciplines and styles, business practices, and professional standards and ethics."
51.3603,51,Hypnotherapy/Hypnotherapist.,"A program that prepares individuals to employ the controlled inducement of altered states of consciousness, or trance, to reduce pain, resolve emotional conflicts, and enhance communications as part of diagnostic and treatment programs.  Includes instruction in the principles of hypnosis and suggestion, induction and deepening, post-hypnotic suggestion, awakening techniques, regression, pacing and leading, resistance transformation, client testing and management, practice management and regulation, and professional standards and ethics."
51.3701,51,Aromatherapy.,"A program that prepares individuals to provide therapeutic care through the preparation and application of extracted essential oils from plants, including flowers (botanicals), roots, berries, and bark.  Includes instruction in aromatherapy history and theory, basic physiology of absorption, aromachemistry, organic chemistry, botanical taxonomy, carrier oils, essential oils, extraction methods, blending techniques, application methods, safety, client consultation and treatment planning, business management, professional standards and ethics, and applicable regulations."
51.3702,51,Herbalism/Herbalist.,"A program that prepares individuals to utilize the materia medica and clinical practices of Western, Native American, African, Australasian, and other herbal medicine traditions to prevent and cure illness and temporary physical disorders.  Includes instruction in basic anatomy, physiology, pathology, and toxicology; nutrition; terminology and materia medica; therapeutic herbalism; herbal pharmacy; botanicals and ethnobotany; wildcrafting and harvesting; labeling and dispensing phytotherapy; counterindications; practice management; consultation skills; and professional standards and ethics."
51.3703,51,Polarity Therapy.,"A program that prepares individuals to promote health and well-being through application of the integrative therapeutic system based on the Human Energy Field theory developed by Randolph Stone.  Includes instruction in polarity theory and principles, energy-based and orthodox anatomy and physiology, polarity processing, polarity bodywork, polarity yoga, energetic nutrition, energetic evaluation and assessment, client communication, practice management, and professional standards and ethics."
51.3704,51,Reiki.,"A program that prepares individuals to promote physical, emotional, and spiritual balance and healing through the manipulation of the body's energy field to increase healing energy.  Includes instruction in the history and philosophy of Usui Reiki, attunement, empowerment, self-treatment, direct and distance healing techniques, healing symbols, aura clearing, Reiki meditation, practice management, and related Reiki systems such as Lightarian, Urevia, and Magnified Healing."
51.3801,51,Registered Nursing/Registered Nurse.,"A program that generally prepares individuals in the knowledge, techniques and procedures for promoting health, providing care for sick, disabled, infirmed, or other individuals or groups.  Includes instruction in the administration of medication and treatments, assisting a physician during treatments and examinations, Referring patients to physicians and other health care specialists, and planning education for health maintenance."
51.3802,51,Nursing Administration.,"A program that prepares registered nurses to manage nursing personnel and services in hospitals and other health care delivery agencies.  Includes instruction in principles of health care administration, resource and financial management, health care law and policy, medical personnel management, and managed care operations."
51.3803,51,Adult Health Nurse/Nursing.,"A program that prepares registered nurses to provide general care for adult patients.  Includes instruction in adult primary care, adult pathophysiology, clinical management of medication and treatments, patient assessment and education, patient referral, and planning adult health maintenance programs."
51.3804,51,Nurse Anesthetist.,"A program that prepares registered nurses to administer anesthetics and provide care for patients before, during and after anesthesia.  Includes instruction in the biochemistry and physics of anesthesia; advanced anatomy and physiology; clinical pharmacology of anesthetics and adjunctive drugs; pain management; acute care and operating room practice; clinical technology and procedures; emergency intervention; patient assessment and education; and legal issues."
51.3805,51,Family Practice Nurse/Nursing.,"A program that prepares registered nurses to provide independent general care for family groups and individuals in the context of family living.  Includes instruction in family theory and intervention, role synthesis, family primary care, nursing practice and health care policy, holistic practice, pediatric practice, gerontological practice, health assessment, clinical pharmacotherapeutics, clinical techniques, and pathopsychology."
51.3806,51,Maternal/Child Health and Neonatal Nurse/Nursing.,"A program that prepares registered nurses to provide prenatal care to pregnant women and to mothers and their newborn infants.  Includes instruction in perinatal and newborn health assessment, stabilization, and care; pathophysiology of pregnancy, fetuses, and the newborn; clinical management of high-risk pregnancies and newborns; perinatal and neonatal technology and clinical procedures; and patient education."
51.3807,51,Nurse Midwife/Nursing Midwifery.,"A program that prepares registered nurses to independently deliver babies and treat mothers in the prenatal, delivery, and post-delivery periods.  Includes instruction in pre-delivery screening, physician referral, and the care of infants during the delivery and immediate post-delivery phases."
51.3808,51,Nursing Science.,"A research program that focuses on the study of advanced clinical practices, research methodologies, the administration of complex nursing services, and that prepares nurses to further the progress of nursing research through experimentation and clinical applications."
51.3809,51,Pediatric Nurse/Nursing.,"A program that prepares registered nurses to provide care for children from infancy through adolescence.  Includes instruction in the administration of medication and treatments, assisting physicians, patient examination and referral, and planning and delivering health maintenance and health education programs."
51.3810,51,Psychiatric/Mental Health Nurse/Nursing.,"A program that prepares registered nurses to promote mental health and provide nursing care to patients with mental, emotional or behavioral disorders, in mental institutions or other settings.  Includes instruction in psychopathology, behavioral health, counseling and intervention strategies, psychoeducation, mental health assessment and dual diagnosis, stabilization and management of psychotic illness, psychiatric care and rehabilitation, substance abuse, and crisis intervention."
51.3811,51,Public Health/Community Nurse/Nursing.,"A program that prepares registered nurses to promote health and provide preventive and curative nursing services for groups or communities under the supervision of a public health agency.  Includes instruction in community and rural health, family therapy and intervention, disease prevention, health education, and community health assessment."
51.3812,51,Perioperative/Operating Room and Surgical Nurse/Nursing.,"A program that prepares registered nurses to provide care to patients before and during surgery, and provide tableside assistance to surgeons. Includes instruction in operating room safety and preparation, aseptic technique, anesthesia, patient preparation, surgical instruments and procedures, sterilization and disinfecting, surgical drugs and solutions, hemostasis, emergency procedures, and patient/family education."
51.3813,51,Clinical Nurse Specialist.,"A program that prepares registered nurses to deliver direct patient and client care in clinical settings.  Includes instruction in clinical pharmacotherapeutics, advanced clinical practice, holistic nursing, nursing practice and health care policy, administration and consultation services, health assessment, patient stabilization and care, and patient education."
51.3814,51,Critical Care Nursing.,"A program that prepares registered nurses to provide specialized care to patients with life-threatening problems, including those in intensive care facilities and on life support.  Includes instruction in adult, neonatal, and pediatric critical care; technical skills; patient monitoring and assessment; normal and abnormal readings; and troubleshooting."
51.3815,51,Occupational and Environmental Health Nursing.,"A program that prepares registered nurses to deliver nursing health care services to workers and worker populations in clinical settings and at job sites.  Includes instruction in public and community health, occupational safety and health, occupational health surveillance, case management, fitness for duty testing, medication, allergies and immunization, emergency and ambulatory care, and applicable laws and regulations."
51.3816,51,Emergency Room/Trauma Nursing.,"A program that prepares registered nurses to deliver advanced, direct patient care in emergency and trauma settings. Includes instruction in advanced health assessment, pharmacology, physiology, emergency management, trauma conditions, trauma assessments and acute care."
51.3818,51,Nursing Practice.,"A practice-focused program that prepares registered nurses for increasingly complex evidence-based nursing practice, including translating research into practice, evaluating evidence, applying research in decision-making, and implementing viable clinical innovations to change practice. Includes instruction in healthcare delivery systems, health economics and finance, health policy, research methods, translating evidence into practice, concepts in population health, and nursing leadership."
51.3819,51,Palliative Care Nursing.,"A program that prepares registered nurses to provide a combination of active and compassionate therapies intended to comfort and support patients and their families who are living with life-threatening illness. Includes instruction in pathophysiology, palliative care processes, pain management, pharmacology, loss, grief, death, and bereavement."
51.3820,51,Clinical Nurse Leader.,"A program that prepares registered nurses for careers as clinical nurse leaders in which they work as part of an interdisciplinary team that provides direct medical care for patients based on evidence-based practice and research. Includes instruction in pharmacology, pathophysiology, epidemiology, research in nursing methods, advanced health assessment, statistics, and clinical practice management."
51.3821,51,Geriatric Nurse/Nursing.,"A program that prepares registered nurses to provide health care to aging and elderly patients. Includes instruction in geriatric primary care, geriatric diagnosis, mental health and aging, primary care management, geriatric acute and chronic illness, advanced nursing practices for geriatric patients, evidence-based nursing practice, advanced physiology, pathophysiology, pharmacology, and pharmacotherapeutics."
51.3822,51,Women's Health Nurse/Nursing.,"A program that prepares registered nurses to provide health care specific to women. Includes instruction in the wellness and care of women, gynecology, obstetrics, advanced nursing practices for women, evidence-based nursing practice, advanced physiology and pathophysiology, advanced pharmacology, and pharmacotherapeutics."
51.3824,51,Forensic Nursing.,"A program that prepares individuals to apply the law and forensic science to nursing practice and collaborate with other professionals for the care of victims and the prosecution of criminals. Includes instruction in advanced physical assessment, evidence collection and preservation, forensic anthropology, legal testimony, medicolegal investigation, pathophysiology, pathohistology, pharmacology, and violence prevention."
51.3901,51,Licensed Practical/Vocational Nurse Training.,"A program that prepares individuals to assist in providing general nursing care under the direction of a registered nurse, physician or dentist.  Includes instruction in taking patient vital signs, applying sterile dressings, patient health education, and assistance with examinations and treatment."
51.3902,51,Nursing Assistant/Aide and Patient Care Assistant/Aide.,"A program that prepares individuals to perform routine nursing-related services to patients in hospitals or long-term care facilities, under the training and supervision of a registered nurse or licensed practical nurse."
52.0101,52,"Business/Commerce, General.","A program that focuses on the general study of business, including the processes of interchanging goods and services (buying, selling and producing), business organization, and accounting as used in profit-making and nonprofit public and private institutions and agencies.  The programs may prepare individuals to apply business principles and techniques in various occupational settings."
52.0201,52,"Business Administration and Management, General.","A program that generally prepares individuals to plan, organize, direct, and control the functions and processes of a firm or organization.  Includes instruction in management theory, human resources management and behavior, accounting and other quantitative methods, purchasing and logistics, organization and production, marketing, and business decision-making."
52.0202,52,"Purchasing, Procurement/Acquisitions and Contracts Management.","A program that prepares individuals to manage and/or administer the processes by which a firm or organization contracts for goods and services to support its operations, as well as contracts it to sell to other firms or organizations.  Includes instruction in contract law, negotiations, buying procedures, government contracting, cost and price analysis, vendor relations, contract administration, auditing and inspection, relations with other firm departments, and applications to special areas such as high-technology systems, international purchasing, and construction."
52.0203,52,"Logistics, Materials, and Supply Chain Management.","A program that prepares individuals to manage and coordinate all logistical functions in an enterprise, ranging from acquisitions to receiving and handling, through internal allocation of resources to operations units, to the handling and delivery of output.  Includes instruction in acquisitions and purchasing, inventory control, storage and handling, just-in-time manufacturing, logistics planning, shipping and delivery management, transportation, quality control, resource estimation and allocation, and budgeting."
52.0204,52,Office Management and Supervision.,"A program that prepares individuals to supervise and manage the operations and personnel of business offices and management-level divisions.  Includes instruction in employee supervision, management, and labor relations; budgeting; scheduling and coordination; office systems operation and maintenance; office records management, organization, and security; office facilities design and space management; preparation and evaluation of business management data; and public relations."
52.0205,52,Operations Management and Supervision.,"A program that prepares individuals to manage and direct the physical and/or technical functions of a firm or organization, particularly those relating to development, production, and manufacturing.  Includes instruction in principles of general management, manufacturing and production systems, plant management, equipment maintenance management, production control, industrial labor relations and skilled trades supervision, strategic manufacturing policy, systems analysis, productivity analysis and cost control, and materials planning."
52.0206,52,Non-Profit/Public/Organizational Management.,"A program that prepares individuals to manage the business affairs of non-profit corporations, including foundations, educational institutions, associations, and other such organizations, and public agencies and governmental operations.  Includes instruction in business management, principles of public administration, principles of accounting and financial management, human resources management, taxation of non-profit organizations, and business law as applied to non-profit organizations."
52.0207,52,Customer Service Management.,"A program that prepares individuals to supervise and monitor customer service performance and manage frontline customer support services, call centers/help desks, and customer relations.  Includes instruction in customer behavior, specialized information technology and systems management, developing and using customer service databases, user surveys and other feedback mechanisms, strategic and performance planning and analysis, operations management, personnel supervision, and communications and marketing skills."
52.0208,52,E-Commerce/Electronic Commerce.,"A program that prepares individuals to plan, manage, supervise, and market electronic business operations, products, and services provided online via the Internet.  Includes instruction in business administration, information technology, information resources management, web design, computer and Internet law and policy, computer privacy and security, e-trading, insurance, electronic marketing, investment capital planning, enterprise operations, personnel supervision, contracting, and product and service networking."
52.0209,52,Transportation/Mobility Management.,"A program that focuses on the theory, policy, law, and practices required to administrate and operate public transportation facilities, networks, services, and systems. Includes instruction in demand analysis and forecasting, environmental planning, facilities design and construction, geographic information systems (GIS), logistics, multi- and intermodal transportation systems, project management, public administration, public policy, transportation economics, transportation law, transportation operations, transportation systems, and transportation technologies."
52.0210,52,Research and Development Management.,"A program that prepares individuals to manage projects, programs and organizations involving basic and applied research, or specialized technology applications, in the public or private sectors.  Includes instruction in all aspects of business management applied to the leadership and control of scientific, clinical, engineering and social scientific enterprises; the management of related operational, security and logistical issues; and technical competence in one or more research disciplines."
52.0211,52,Project Management.,"A program that prepares individuals to apply quantitative and qualitative knowledge, skills, tools, and techniques to manage projects in a wide range of fields and occupations.  Includes instruction in project planning, risk management, cost and time management, contracts and procurement, accounting, statistics, decision making, and human resources."
52.0212,52,Retail Management.,"A program that prepares individuals to manage the operations of a wide variety of retail businesses, including department stores; independent and chain stores; fashion, food and beverage, and pharmaceutical establishments; and online retail businesses. Includes instruction in retail management, merchandise management, customer service management, marketing, organizational behavior, accounting, finance, business law, and personnel management."
52.0213,52,Organizational Leadership.,"A program that focuses on leadership skills that can be applied to a business, government, non-profit, or educational setting. Includes instruction in organizational planning, dynamics of leadership, finance, team building, conflict resolution and mediation, communication and other management skills."
52.0214,52,Research Administration.,"A program designed to prepare formally trained, advanced-level personnel for research administration leadership positions at colleges and universities, government agencies, hospitals, nonprofit agencies, and in industry. Includes instruction in bioethics, biostatistics, ethical, legal and regulatory consideration in clinical investigation, financial analysis, grant writing, managing and monitoring clinical trials, project management, strategic planning, and team building."
52.0215,52,Risk Management.,"A program that focuses on the principles of business risk measurement, mitigation, and management. Includes instruction in business analytics, foundations of insurance and risk management, investments, life and health insurance, loss prevention, property and liability insurance risk assessment, risk control, risk financing, and security."
52.0216,52,Science/Technology Management.,"A program that prepares individuals to develop science, technical, and business skills required for management of people and systems in technology-based industries, government agencies, and non-profit organizations. Includes instruction in computer applications, general management principles, production and operations management, project management, quality control, safety and health issues, and statistics."
52.0301,52,Accounting.,"A program that prepares individuals to practice the profession of accounting and to perform related business functions.  Includes instruction in accounting principles and theory, financial accounting, managerial accounting, cost accounting, budget control, tax accounting, legal aspects of accounting, auditing, reporting procedures, statement analysis, planning and consulting, business information systems, accounting research methods, professional standards and ethics, and applications to specific for-profit, public, and non-profit organizations."
52.0302,52,Accounting Technology/Technician and Bookkeeping.,"A program that prepares individuals to provide technical administrative support to professional accountants and other financial management personnel.  Includes instruction in posting transactions to accounts, record-keeping systems, accounting software operation, and general accounting principles and practices."
52.0303,52,Auditing.,"A program that prepares individuals, including certified accountants, to perform independent internal and external appraisals to evaluate organizational financial and operational activities, ensure compliance with laws and policies, safeguard assets, and promote effective planning and resource allocation.  Includes instruction in advanced accounting, audit tools and techniques, sampling, risk and control, audit planning, audit function management, law and regulations, environmental auditing, information technology applications, professional standards and ethics, and specific industry and service sector problems."
52.0304,52,Accounting and Finance.,An integrated or combined program in accounting and finance that prepares individuals to function as accountants and financial managers or analysts.
52.0305,52,Accounting and Business/Management.,An integrated or combined program in accounting and business administration/management that prepares individuals to function as accountants and business managers.
52.0401,52,"Administrative Assistant and Secretarial Science, General.","A program that generally prepares individuals to perform the duties of administrative assistants and/or secretaries and stenographers.  Includes instruction in business communications, principles of business law, word processing and data entry, office machines operation and maintenance, office procedures, public relations, secretarial accounting, filing systems and records management, and report preparation."
52.0402,52,Executive Assistant/Executive Secretary.,"A program that prepares individuals to perform the duties of special assistants and/or personal secretaries for business executives and top management.  Includes instruction in business communications, principles of business law, public relations, scheduling and travel management, secretarial accounting, filing systems and records management, conference and meeting recording, report preparation, office equipment and procedures, office supervisory skills, and professional standards and legal requirements."
52.0406,52,Receptionist.,"A program that prepares individuals to perform frontline public relations duties for a business, organization, or answering service.  Includes instruction in telephone answering techniques, responding to information requests, keeping caller and/or visitor records, placing business calls, operating telephone switchboards and/or other communications equipment, relaying incoming and interoffice calls, schedule maintenance, and public relations skills."
52.0407,52,Business/Office Automation/Technology/Data Entry.,"A program that prepares individuals to support business information operations by using computer equipment to enter, process, and retrieve data for a wide variety of administrative purposes.  Includes instruction in using basic business software and hardware, business computer networking, principles of desktop publishing, preparing mass mailings, compiling and editing spreadsheets, list maintenance, preparing tables and graphs, receipt control, and preparing business performance reports."
52.0408,52,General Office Occupations and Clerical Services.,"A program that prepares individuals to provide basic administrative support under the supervision of office managers, administrative assistants, secretaries, and other office personnel.  Includes instruction in typing, keyboarding, filing, general business correspondence, office equipment operation, and communications skills."
52.0409,52,"Parts, Warehousing, and Inventory Management Operations.","A program that prepares individuals to provide administrative, technical, and managerial support in the operation of warehouses, control of inventory, parts identification, and the performance of counter services for customers.  Includes instruction in record-keeping, equipment operation, database entry, supply logistics, shop operations and math, and customer and supplier relations."
52.0410,52,"Traffic, Customs, and Transportation Clerk/Technician.","A program that prepares individuals to perform duties associated with managing revenue-based customs, traffic, or transportation services, such as control of domestic and international traffic, toll roads and waterways, and to assist in the dispatch and control of fleet-based traffic for businesses and public services. Includes instruction in record-keeping; preparation of customs and transportation documentation; operation of communications equipment; basic transportation operations management; tariffs, rates and fares; revenue collection and change-making; and interpretation of customs or transportation regulations and related legislation, policies, and procedures."
52.0411,52,Customer Service Support/Call Center/Teleservice Operation.,"A program that prepares individuals to assist customers with inquiries and problems in frontline call centers, help desks, teleservice centers, and online.  Includes instruction in user interfaces and user behavior, principles of hardware and software systems operation, customer interaction skills, telephone and e-mailing skills, data entry, and database and Internet searching and retrieval."
52.0501,52,"Business/Corporate Communications, General.","A program that prepares individuals to function in an organization as a composer, editor, and proofreader of business or business-related communications."
52.0502,52,Grantsmanship.,"A program that prepares individuals to develop and write grant proposals to support an organization or cause. Includes instruction in identifying grant opportunities, developing an effective proposal, budget justifications, and developing a working relationship with the funder."
52.0601,52,Business/Managerial Economics.,"A program that focuses on the application of economics principles to the analysis of the organization and operation of business enterprises.  Includes instruction in monetary theory, banking and financial systems, theory of competition, pricing theory, wage and salary/incentive theory, analysis of markets, and applications of econometrics and quantitative methods to the study of particular businesses and business problems."
52.0701,52,Entrepreneurship/Entrepreneurial Studies.,"A program that generally prepares individuals to perform development, marketing and management functions associated with owning and operating a business."
52.0702,52,Franchising and Franchise Operations.,"A program that prepares individuals to manage and operate franchises.  Includes instruction in legal requirements, set-up costs and capitalization requirements, financing, and applications to specific franchise opportunities."
52.0703,52,Small Business Administration/Management.,"A program that prepares individuals to develop and manage independent small businesses.  Includes instruction in business administration; enterprise planning and entrepreneurship; start-up; small business operations and problems; personnel supervision; capitalization and investment; taxation; business law and regulations; e-commerce; home business operations; and applications to specific sectors, products, and services."
52.0704,52,Social Entrepreneurship.,"A program that focuses on blending entrepreneurial ideas and management skills for issue advocacy and social change. Includes instruction in philanthropy, business modeling, design, entrepreneurship, finance, investing, resource management, project management, prototype development, and marketing."
52.0801,52,"Finance, General.","A program that generally prepares individuals to plan, manage, and analyze the financial and monetary aspects and performance of business enterprises, banking institutions, or other organizations.  Includes instruction in principles of accounting, financial instruments, capital planning, funds acquisition, asset and debt management, budgeting, financial analysis, and investments and portfolio management."
52.0803,52,Banking and Financial Support Services.,"A program that prepares individuals to perform a wide variety of customer services in banks, insurance agencies, savings and loan companies, and related enterprises.  Includes instruction in communications and public relations skills, business equipment operation, and technical skills applicable to the methods and operations of specific financial or insurance services."
52.0804,52,Financial Planning and Services.,"A program that prepares individuals to plan and manage the financial interests and growth of individuals and institutions.  Includes instruction in portfolio management, investment management, estate planning, insurance, tax planning, strategic investing and planning, financial consulting services, and client relations."
52.0806,52,International Finance.,"A program that prepares individuals to manage international financial operations and related currency transactions.  Includes instruction in international banking, international monetary and financial policy, money and capital markets, foreign exchange, risk analysis, and international cash flow operations."
52.0807,52,Investments and Securities.,"A program that prepares individuals to manage assets placed in capital markets, and related technical operations.  Includes instruction in security analysis, debt and equity analysis, investment strategies, securities markets, computer-assisted research, portfolio management, portfolio performance analysis, and applications to specific investment problems and business situations."
52.0808,52,Public Finance.,"A program that prepares individuals to manage the financial assets and budgets of public sector organizations.  Includes instruction in public trusts and investments; the laws and procedures used to plan, prepare and administer public agency budgets; and the preparation and analysis of public budget projections and policies."
52.0809,52,Credit Management.,"A program that prepares individuals to perform and/or manage operations concerning personal and corporate credit, collateral, loan processing, and related financial agency communications.  Includes instruction in general finance and banking principles, insurance, real estate, taxation, business law and regulations, quantitative methods, financial computer systems applications, database management, communications skills, business and office management, and professional standards and ethics."
52.0810,52,Financial Risk Management.,"A program that focuses on the strategies used to define and manage acceptable financial risk for companies. Includes instruction in banking and bank regulations, derivative securities, interest rate and credit markets, financial engineering of systematic risk, and equity, bond, futures, and options markets."
52.0901,52,"Hospitality Administration/Management, General.","A program that prepares individuals to serve as general managers and directors of hospitality operations on a system-wide basis, including both travel arrangements and promotion and the provision of traveler facilities.  Includes instruction in principles of operations in the travel and tourism, hotel and lodging facilities, food services, and recreation facilities industries; hospitality marketing strategies; hospitality planning; management and coordination of franchise and unit operations; business management; accounting and financial management; hospitality transportation and logistics; and hospitality industry policies and regulations."
52.0903,52,Tourism and Travel Services Management.,"A program that prepares individuals to manage travel-related enterprises and related convention and/or tour services.  Includes instruction in travel agency management, tour arranging and planning, convention and event planning, travel industry operations and procedures, tourism marketing and promotion strategies, travel counseling, travel industry law, international and domestic operations, and travel and tourism policy."
52.0904,52,Hotel/Motel Administration/Management.,"A program that prepares individuals to manage operations and facilities that provide lodging services to the traveling public. Includes instruction in hospitality industry principles; supplies purchasing, storage and control; hotel facilities design and planning; hospitality industry law; personnel management and labor relations; financial management; marketing and sales promotion; convention and event management; front desk operations; and applications to specific types of hotels and motel operations."
52.0905,52,Restaurant/Food Services Management.,"A program that prepares individuals to plan, manage, and market restaurants, food services in hospitality establishments, food service chains and franchise networks, and restaurant supply operations.  Includes instruction in hospitality administration, food services management, wholesale logistics and distribution, franchise operations, business networking, personnel management, culinary arts, business planning and capitalization, food industry operations, marketing and retailing, business law and regulations, finance, and professional standards and ethics."
52.0906,52,Resort Management.,"A program that prepares individuals to plan, manage, and market comprehensive vacation facilities and services and related products.  Includes instruction in hospitality administration, hotel/motel management, restaurant and food services management, facilities planning, leisure studies, recreation administration, marketing, recreation equipment and grounds operations and maintenance, business finance, insurance and taxation, event management and guest services, personnel management, travel and logistics management, safety and health services, professional standards and ethics, and applications to specific vacation types and locations."
52.0907,52,Meeting and Event Planning.,"A program that prepares individuals to plan, budget, and implement conferences, meetings, and other special events in the public or private sectors. Includes instruction in principles of meeting and event planning; special event management; budgets and finance; site selection; contracts, vendors, and negotiations; marketing and promotions; food and beverage management; audio-visual basics and meeting technology; and hospitality law."
52.0908,52,Casino Management.,"A program that prepares individuals to manage casinos and gaming establishments. Includes instruction in business and financial management; casino operations; casino security and surveillance; hospitality, facilities, and personnel management; and principles of the gaming industry, ethics, and gaming law."
52.0909,52,"Hotel, Motel, and Restaurant Management.","An instructional program that prepares individuals to manage operations and facilities that provide food and/or lodging services to the traveling public. Includes instruction in hospitality industry principles; supplies purchasing, storage, and control; hotel and restaurant facilities design and planning; hospitality industry law; personnel management and labor relations; financial management; facilities management; marketing and sale promotion strategies; convention and event management; front desk operations; and applications to specific types of hotel, motel, and/or restaurant operations. Note: this program was re-instated after being deleted from CIP 2000; previously, it was coded as 52.0902."
52.0910,52,Brewery/Brewpub Operations/Management.,"A program that prepares individuals to plan, manage, and market breweries and brewpubs. Includes instruction in brewing science, food services management, logistics and distribution, business networking, personnel management, business planning and capitalization, brewing industry operations, marketing, alcohol and liquor law and regulations, finance, and ethics."
52.1001,52,"Human Resources Management/Personnel Administration, General.","A program that generally prepares individuals to manage the development of human capital in organizations, and to provide related services to individuals and groups.  Includes instruction in personnel and organization policy, human resource dynamics and flows, labor relations, sex roles, civil rights, human resources law and regulations, motivation and compensation systems, work systems, career management, employee testing and assessment, recruitment and selection, managing employee and job training programs, and the management of human resources programs and operations."
52.1002,52,Labor and Industrial Relations.,"A program that focuses on employee-management interactions and the management of issues and disputes regarding working conditions and worker benefit packages, and that may prepare individuals to function as labor or personnel relations specialists.  Includes instruction in labor history, policies and strategies of the labor movement, union organization, labor-management negotiation, labor law and contract interpretation, labor economics, welfare and benefit packages, grievance procedures, and labor policy studies."
52.1003,52,Organizational Behavior Studies.,"A program that focuses on the scientific study of the behavior and motivations of individuals functioning in organized groups, and its application to business and industrial settings.  Includes instruction in organization theory, industrial and organizational psychology, social psychology, sociology of organizations, reinforcement and incentive theory, employee relations strategies, organizational power and influence, organization stratification and hierarchy, leadership styles, and applications of operations research and other methodologies to organizational analysis."
52.1004,52,Labor Studies.,"A program that focuses on the study of various aspects of work, labor organization and policy, and labor movements from the perspective of the social sciences and history.  Includes instruction in labor history; political and ideological issues; worker movements and social organizations; civil rights; labor law and policy studies; labor economics; international and comparative labor studies; and applications to specific industries, groups, locations, and time periods."
52.1005,52,Human Resources Development.,"A program that prepares individuals to apply integrated training, organizational development, and career planning and counseling skills to the design, management, and evaluation of programs to improve individual productivity, employability, and job satisfaction and organizational effectiveness.  Includes instruction in psychology; organizational behavior; principles of adult education; occupational counseling; skill testing and evaluation; program design; consulting practice; organizational development; and applications to issues such as training, management development, customer service, and total quality management."
52.1006,52,Executive/Career Coaching.,"A program of study that focuses on assisting individuals achieve career goals or assisting business leaders achieve organizational change. Includes instruction in executive coaching, group dynamics, leadership, management, organizational behavior, organizational communication, and team building."
52.1101,52,International Business/Trade/Commerce.,"A program that prepares individuals to manage international businesses and/or business operations.  Includes instruction in the principles and processes of export sales, trade controls, foreign operations and related problems, monetary issues, international business policy, and applications to doing business in specific countries and markets."
52.1201,52,"Management Information Systems, General.","A program that generally prepares individuals to provide and manage data systems and related facilities for processing and retrieving internal business information; select systems and train personnel; and respond to external data requests.  Includes instruction in cost and accounting information systems, management control systems, personnel information systems, data storage and security, business systems networking, report preparation, computer facilities and equipment operation and maintenance, operator supervision and training, and management information systems policy and planning."
52.1206,52,Information Resources Management.,"A program that prepares individuals to apply principles of information technology, computer systems management, and business operations to the planning, management, and evaluation of information services in organizations.  Includes instruction in telecommunications, systems planning and integration, information policy, information security, contracting and purchasing, budgeting, information technology, operations management, human resources, communications skills, and applicable law and regulations."
52.1207,52,Knowledge Management.,"A program that focuses on the study of knowledge management in government agencies and corporations for the purpose of supporting stated organizational goals and objectives, and prepares individuals to function as information resource managers.  Includes instruction in information technology, principles of computer and information systems, management information systems, applicable policy and regulations, and operations and personnel management."
52.1301,52,Management Science.,"A general program that focuses on the application of statistical modeling, data warehousing, data mining, programming, forecasting and operations research techniques to the analysis of problems of business organization and performance. Includes instruction in optimization theory and mathematical techniques, data mining, data warehousing, stochastic and dynamic modeling, operations analysis, and the design and testing of prototype systems and evaluation models."
52.1302,52,Business Statistics.,"A program that focuses on the application of mathematical statistics to the description, analysis, and forecasting of business data.  Includes instruction in statistical theory and methods, computer applications, data analysis and display, long- and short-term forecasting methods, and market performance analysis."
52.1304,52,Actuarial Science.,"A program that focuses on the mathematical and statistical analysis of risk, and their applications to insurance and other business management problems.  Includes instruction in forecasting theory, quantitative and non-quantitative risk measurement methodologies, development of risk tables, secondary data analysis, and computer-assisted research methods."
52.1401,52,"Marketing/Marketing Management, General.","A program that generally prepares individuals to undertake and manage the process of developing consumer audiences and moving products from producers to consumers.  Includes instruction in buyer behavior and dynamics, principle of marketing research, demand analysis, cost-volume and profit relationships, pricing theory, marketing campaign and strategic planning, market segments, advertising methods, sales operations and management, consumer relations, retailing, and applications to specific products and markets."
52.1402,52,Marketing Research.,"A program that prepares individuals to provide analytical descriptions of consumer behavior patterns and market environments to marketing managers and other business decision-makers.  Includes instruction in survey research methods, research design, new product test marketing, exploratory marketing, consumer needs and preferences analysis, geographic analysis, and applications to specific products and markets."
52.1403,52,International Marketing.,"A program that prepares individuals to perform marketing activities in enterprises primarily engaged in exporting or importing goods and services in world markets.  Includes instruction in international trade controls, foreign trade operations, locating markets, negotiation practices, monetary issues, and international public relations."
52.1404,52,Digital Marketing.,"A program that prepares individuals to develop a digital marketing plan and integrate marketing, advertising, sales, and logistics across physical and digital channels. Includes instruction in digital marketing, e-commerce, online consumer psychology, search engine optimization, social media marketing, and web analytics."
52.1501,52,Real Estate.,"A program that prepares individuals to develop, buy, sell, appraise, and manage real estate. Includes instruction in land use development policy, real estate law, real estate marketing procedures, agency management, brokerage, property inspection and appraisal, real estate investing, leased and rental properties, commercial real estate, and property management."
52.1601,52,Taxation.,"A program that prepares individuals to provide tax advice and management services to individuals and corporations.  Includes instruction in tax law and regulations, tax record systems, individual and corporate income taxation, tax planning, partnerships and fiduciary relationships, estates and trusts, property depreciation, capital gains and losses, dispositions, transfers, liquidity, valuation, and applications to specific tax problems."
52.1701,52,Insurance.,"A program that prepares individuals to manage risk in organizational settings and provide insurance and risk-aversion services to businesses, individuals, and other organizations. Includes instruction in  casualty insurance and general liability, property insurance, employee benefits, social and health insurance, loss adjustment, underwriting, risk theory, and pension planning."
52.1801,52,"Sales, Distribution, and Marketing Operations, General.","A program that focuses on the general process and techniques of direct wholesale and retail buying and selling operations and introduces individuals to related careers.  Includes instruction in the principles of entrepreneurial economics, basic sales skills, the distribution channels for goods and services, and supervised practical application experiences."
52.1802,52,Merchandising and Buying Operations.,"A program that prepares individuals to function as professional buyers of resale products and product lines for stores, chains, and other retail enterprises.  Includes instruction in product evaluation, merchandising, applicable aspects of brand and consumer research, principles of purchasing, and negotiation skills."
52.1803,52,Retailing and Retail Operations.,"A program that prepares individuals to perform operations associated with retail sales in a variety of settings.  Includes instruction in over-the-counter and other direct sales operations in business settings, basic bookkeeping principles, customer service, team/staff leadership and supervision, floor management, and applicable technical skills."
52.1804,52,Selling Skills and Sales Operations.,"A program that prepares individuals to possess the skills associated with direct promotion of products and services to potential customers and to function as independent sales representatives and managers.  Includes instruction in consumer psychology, image projection, public speaking and interpersonal communications, sales organization and operations, customer relations, professional standards and ethics, and applicable technical skills."
52.1901,52,Auctioneering.,"A program that prepares individuals for professional careers as auctioneers and auction managers, and for meeting applicable state licensing requirements.  Includes instruction in bid calling, public speaking, ringworking, auction techniques, salesmanship skills, auction clerking and cashiering, auction advertising, working independently or with auction houses, contracts and agency, applicable sales law, and managing both general auctions and auctions specializing in commodities such as antiques, consignments, farm equipment, industrial equipment, real estate, livestock, and automobiles."
52.1902,52,Fashion Merchandising.,"A program that prepares individuals to promote product lines/brands, and organize promotional campaigns, at the wholesale level to attract retailer interest, wholesale purchasing, and supply contracts.  Includes instruction in wholesaling, wholesale advertising, selling, and customer relations."
52.1903,52,Fashion Modeling.,"A program that prepares individuals to present and display fashion, apparel, and accessories products in wholesale and retail settings, either on the person or via props and natural or artificial settings.  Includes instruction in modeling skills, health and cosmetic principles, fashion show management, display design and production, and applicable aspects of advertising and fashion photography."
52.1904,52,Apparel and Accessories Marketing Operations.,"A program that prepares individuals to perform operations connected with the distribution and sale of apparel and accessories. Includes instruction in wholesaling and retailing, apparel technologies, distribution, customer sales and service skills, and principles of consumer research and sales forecasting."
52.1905,52,Tourism and Travel Services Marketing Operations.,"A program that prepares individuals to provide direct retail services to hotel and motel clients and customers in a variety of settings.  Includes instruction in the principles of hotel/motel operations, customer sales and assistance operations and techniques, telephone operations, and basic office management."
52.1906,52,Tourism Promotion Operations.,"A program that prepares individuals to perform marketing and sales operations connected with the promotion of tourism in public and private sector settings.  Includes instruction in principles of marketing research and advertising, promotional campaign organization, media relations, and applicable technical and administrative skills."
52.1907,52,Vehicle and Vehicle Parts and Accessories Marketing Operations.,"A program that prepares individuals to perform operations connected with the distribution and sale of replacement parts and other end-use supplies in the automotive, marine, and aviation industries.  Includes instruction in wholesaling and retailing, principles of vehicular technologies, storage and distribution, customer sales and service skills, and principles of consumer research and sales forecasting."
52.1908,52,Business and Personal/Financial Services Marketing Operations.,"A program that prepares individuals to perform marketing and operational tasks associated with the provision of personal and financial services.  Includes instruction in banking, marketing research, advertising, promotional campaign organization, insurance, media relations, and applicable technical and administrative skills."
52.1909,52,Special Products Marketing Operations.,"A program that prepares individuals to perform marketing and sales operations connected with the promotion of special products, including floristry, food, and home and office products. Includes instruction in principles of marketing research and advertising, promotional campaign organization, media relations, and applicable technical and administrative skills."
52.1910,52,Hospitality and Recreation Marketing Operations.,"A program that prepares individuals to provide marketing services in the hospitality and leisure fields. Includes instruction in hospitality operations, customer sales and assistance operations and techniques, telephone operations, basic office management, retail sports, recreation equipment, food and beverage."
52.2001,52,"Construction Management, General.","A program that prepares individuals to manage, coordinate, and supervise the construction process. Includes instruction in commercial, residential, mechanical, highway/heavy civil, electrical, environmental, industrial, and specialty construction; facilities management; budgeting and cost control; logistics and materials management; organization and scheduling; personnel management and labor relations; site safety; construction contracting; construction processes and techniques; and applicable codes and regulations."
52.2002,52,Construction Project Management.,"A program that prepares individuals to apply project management knowledge, skills, tools, and techniques in the construction and facility management industries. Includes instruction in facilities operations and maintenance, construction estimating, OSHA standards, sustainability, drafting, construction plans, project planning, risk management, cost and time management, contracts and procurement, accounting, statistics, decision making, and human resources."
52.2101,52,Telecommunications Management.,"A program that prepares individuals to apply business skills to design, implement, and manage the voice, video, and data networking systems of organizations. Includes instruction in telecommunications concepts and technologies, network operations and management, wireless communications and mobile computing, cybersecurity, regulation and public policy, business practices and management, and written and oral communications."
